22534,right,0,0,0,0,0,0,0,0,16,0,0,131,155,4095,134,269
22613,right,0,0,0,0,0,0,0,0,17,0,0,132,160,4095,135,272
22692,right,0,0,0,0,0,0,0,0,22,0,0,141,166,4095,163,272
22771,right,0,0,0,0,0,0,0,0,31,0,0,145,175,4095,175,275
22850,right,0,0,0,0,0,0,0,0,29,0,0,146,176,4095,176,276
22929,right,0,0,0,0,0,0,0,0,23,0,0,141,174,4095,176,278
23008,right,0,0,0,0,0,0,0,0,6,0,0,137,166,4095,167,274
23087,right,0,0,0,0,0,0,0,0,0,0,0,103,144,4095,131,270
23166,right,0,0,0,0,0,0,0,0,0,0,0,12,32,4048,45,224
23245,right,0,0,0,0,0,0,0,0,0,0,0,0,0,928,0,67
23324,right,0,0,0,0,0,0,0,0,0,0,0,0,0,612,0,0
23403,right,0,0,0,0,0,0,0,0,0,0,0,0,0,527,0,0
23482,right,0,0,0,0,0,0,0,0,0,0,0,0,0,473,0,0
23561,right,0,0,0,0,0,0,0,0,0,0,0,0,0,435,0,0
23640,right,0,0,0,0,0,0,0,0,0,0,0,0,0,421,0,0
23719,right,0,0,0,0,0,0,0,0,0,0,0,0,0,398,0,0
23798,right,0,0,0,0,0,0,0,0,0,0,0,0,0,368,0,177
23877,right,0,0,0,0,0,0,0,0,0,0,0,38,2,507,77,229
23956,right,0,0,0,0,0,0,0,0,0,0,0,101,107,4095,87,240
24035,right,0,0,0,0,0,0,0,0,27,0,0,128,151,4095,96,250
24114,right,0,0,0,0,29,19,0,0,80,29,0,159,185,4095,133,267
24193,right,0,0,0,16,85,80,41,32,150,4095,79,198,229,4095,131,263
24272,right,0,0,0,80,144,99,80,80,157,4095,74,156,180,4095,59,230
24351,right,0,0,0,107,167,114,128,100,158,4095,75,160,167,4095,6,207
24430,right,0,0,26,128,180,155,144,112,175,4095,73,139,157,4095,0,183
24509,right,0,0,80,158,200,171,160,127,177,4095,75,114,134,4095,0,147
24588,right,0,0,88,175,209,176,170,137,173,4095,71,94,112,4095,0,115
24667,right,0,0,100,184,213,176,176,145,141,4095,64,44,34,1629,0,64
24746,right,0,0,119,198,227,188,192,162,133,4063,58,0,0,848,0,0
24825,right,0,0,129,218,240,178,190,157,27,560,0,0,0,590,0,0
24904,right,0,0,69,190,220,48,73,48,0,158,0,0,0,487,0,0
24983,right,0,0,0,18,80,0,0,0,0,87,0,0,0,432,0,0
25062,right,0,0,0,0,0,0,0,0,0,0,0,0,0,406,0,0
25141,right,0,0,0,0,0,0,0,0,0,0,0,0,0,394,0,0
25220,right,0,0,0,0,0,0,0,0,0,0,0,0,0,377,0,0
25299,right,0,0,0,0,0,0,0,0,0,0,0,0,0,368,0,0
25378,right,0,0,0,0,0,0,0,0,0,0,0,0,0,357,0,0
25457,right,0,0,0,0,0,0,0,0,0,0,0,0,0,345,0,0
25536,right,0,0,0,0,0,0,0,0,0,0,0,0,0,336,0,0
25615,right,0,0,0,0,0,0,0,0,0,0,0,0,0,329,0,0
25694,right,0,0,0,0,0,0,0,0,0,0,0,0,0,327,0,0
25773,right,0,0,0,0,0,0,0,0,0,0,0,0,0,250,0,143
25852,right,0,0,0,0,0,0,0,0,0,0,0,0,0,287,99,236
25931,right,0,0,0,0,0,0,0,0,0,0,0,64,80,4095,142,271
26010,right,0,0,0,0,0,0,0,0,14,24,0,136,158,4095,148,285
26089,right,0,0,0,0,0,0,0,0,34,19,0,150,170,4095,155,273
26168,right,0,0,0,0,0,0,0,0,80,77,0,171,194,4095,186,282
26247,right,0,0,0,0,15,17,0,1,121,4095,81,187,231,4095,176,278
26326,right,0,0,0,12,91,64,23,37,130,4095,73,163,193,4095,129,269
26405,right,0,0,0,39,110,77,41,80,109,4095,75,151,177,4095,94,257
26484,right,0,0,0,64,139,77,47,98,111,4095,68,147,183,4095,86,256
26563,right,0,0,0,78,154,81,52,109,103,4095,70,144,177,4095,77,250
26642,right,0,0,0,98,165,80,80,119,99,4095,67,126,163,4095,49,235
26721,right,0,0,0,122,192,91,123,140,93,4095,71,68,112,4095,0,173
26800,right,0,0,16,181,211,128,158,154,67,2007,25,0,0,1279,0,0
26879,right,0,0,14,185,217,54,97,80,0,299,0,0,0,651,0,0
26958,right,0,0,0,0,67,0,0,0,0,108,0,0,0,485,0,0
27037,right,0,0,0,0,0,0,0,0,0,31,0,0,0,434,0,0
27116,right,0,0,0,0,0,0,0,0,0,4,0,0,0,402,0,0
27195,right,0,0,0,0,0,0,0,0,0,0,0,0,0,396,0,0
27274,right,0,0,0,0,0,0,0,0,0,18,0,0,0,375,0,0
27353,right,0,0,0,0,0,0,0,0,0,0,0,0,0,357,0,0
27431,right,0,0,0,0,0,0,0,0,0,0,0,0,0,345,0,0
27510,right,0,0,0,0,0,0,0,0,0,0,0,0,0,338,0,0
27589,right,0,0,0,0,0,0,0,0,0,0,0,0,0,334,0,0
27668,right,0,0,0,0,0,0,0,0,0,0,0,0,0,229,0,112
27747,right,0,0,0,0,0,0,0,0,0,0,0,0,0,269,30,201
27826,right,0,0,0,0,0,0,0,0,0,0,0,13,0,336,121,256
27905,right,0,0,0,0,0,0,0,0,11,34,0,127,141,4095,147,272
27984,right,0,0,0,0,0,0,0,0,64,83,0,163,188,4095,179,282
28063,right,0,0,0,0,0,19,0,0,129,112,0,199,219,4095,194,277
28142,right,0,0,0,0,0,80,11,0,172,4075,67,225,260,4095,179,272
28221,right,0,0,0,38,64,112,53,0,197,4095,74,219,254,4095,125,257
28300,right,0,0,16,96,103,163,123,17,214,4095,75,213,243,4095,74,240
28379,right,0,0,84,127,153,190,153,46,230,4095,72,210,241,4095,46,208
28458,right,0,0,128,174,177,202,176,64,239,4095,66,189,186,4095,0,163
28537,right,0,0,146,191,196,213,192,102,236,4095,54,149,144,1310,0,67
28616,right,0,0,165,210,221,220,206,132,235,4095,54,30,16,798,0,0
28695,right,0,0,206,226,240,227,218,148,208,4095,54,0,0,628,0,0
28774,right,0,0,224,240,253,230,227,146,144,1385,0,0,0,508,0,0
28853,right,0,48,225,247,259,220,217,109,79,348,0,0,0,446,0,0
28932,right,0,48,195,236,246,154,117,29,0,198,0,0,0,377,0,0
29011,right,0,0,0,133,157,37,0,0,0,119,0,0,0,336,0,0
29089,right,0,0,0,0,0,0,0,0,0,16,0,0,0,312,0,0
29168,right,0,0,0,0,0,0,0,0,0,0,0,0,0,335,0,0
29247,right,0,0,0,0,0,0,0,0,0,0,0,0,0,320,0,0
29326,right,0,0,0,0,0,0,0,0,0,0,0,0,0,311,0,0
29405,right,0,0,0,0,0,0,0,0,0,0,0,0,0,262,0,0
29484,right,0,0,0,0,0,0,0,0,0,0,0,0,0,288,0,0
29563,right,0,0,0,0,0,0,0,0,0,0,0,0,0,288,0,0
29642,right,0,0,0,0,0,0,0,0,0,11,0,0,0,294,0,0
29721,right,0,0,0,0,0,0,0,0,0,10,0,0,0,295,0,0
29800,right,0,0,0,0,0,0,0,0,0,0,0,0,0,231,0,13
29879,right,0,0,0,0,0,0,0,0,0,0,0,0,0,211,0,163
29958,right,0,0,0,0,0,0,0,0,0,0,0,0,0,246,75,224
30037,right,0,0,0,0,0,0,0,0,0,26,0,99,291,4095,113,256
30116,right,0,0,0,0,0,0,0,0,34,74,0,144,336,4095,138,271
30195,right,0,0,0,0,0,16,0,0,80,95,0,166,370,4095,161,277
30274,right,0,0,0,0,0,40,0,0,124,4034,70,204,334,4095,176,279
30353,right,0,0,0,0,22,34,0,0,123,4074,71,199,275,4095,176,279
30432,right,0,0,0,0,23,21,0,1,89,4080,74,163,269,4095,167,282
30511,right,0,0,0,0,50,21,7,19,87,4095,69,165,269,4095,158,277
30590,right,0,0,0,16,100,29,21,68,85,4095,77,158,262,4095,125,272
30669,right,0,0,0,48,142,46,42,94,83,4095,70,144,251,4095,85,259
30748,right,0,0,0,95,161,75,80,117,81,4095,67,113,209,4095,48,238
30827,right,0,0,0,135,199,93,128,140,62,3958,65,0,16,4095,0,90
30906,right,0,0,11,191,224,64,144,128,0,451,0,0,0,905,0,0
30985,right,0,0,0,106,176,0,0,0,0,239,0,0,0,576,0,0
31064,right,0,0,0,0,0,0,0,0,0,48,0,0,0,429,0,0
31143,right,0,0,0,0,0,0,0,0,0,38,0,0,0,412,0,0
31222,right,0,0,0,0,0,0,0,0,0,43,0,0,0,400,0,0
31301,right,0,0,0,0,0,0,0,0,0,19,0,0,0,375,0,0
31380,right,0,0,0,0,0,0,0,0,0,16,0,0,0,350,0,0
31459,right,0,0,0,0,0,0,0,0,0,3,0,0,0,336,0,0
31538,right,0,0,0,0,0,0,0,0,0,0,0,0,0,327,0,0
31617,right,0,0,0,0,0,0,0,0,0,0,0,0,0,323,0,0
31696,right,0,0,0,0,0,0,0,0,0,0,0,0,0,287,0,0
31775,right,0,0,0,0,0,0,0,0,0,0,0,0,0,275,0,0
31854,right,0,0,0,0,0,0,0,0,0,0,0,0,0,221,0,172
31933,right,0,0,0,0,0,0,0,0,0,0,0,0,0,272,111,240
32012,right,0,0,0,0,0,0,0,0,0,0,0,40,342,528,144,271
32091,right,0,0,0,0,0,0,0,0,1,7,0,122,413,4095,161,281
32170,right,0,0,0,0,0,0,0,0,43,61,0,164,433,4095,192,289
32249,right,0,0,0,0,0,0,0,0,99,113,0,180,445,4095,207,290
32328,right,0,0,0,0,0,1,0,0,134,4095,70,218,393,4095,204,288
32407,right,0,0,0,0,0,0,0,0,121,4095,71,182,385,4095,196,288
32486,right,0,0,0,0,0,0,0,0,86,4095,6,177,343,4095,186,288
32565,right,0,0,0,0,7,17,0,17,87,4095,70,171,352,4095,168,282
32644,right,0,0,0,0,76,22,10,65,85,4095,75,165,378,4095,145,278
32723,right,0,0,0,23,103,32,27,86,82,4095,70,154,411,4095,130,272
32802,right,0,0,0,55,149,47,47,110,82,4095,72,132,389,4095,76,254
32881,right,0,0,0,128,183,90,115,133,87,4095,77,59,287,4095,0,174
32960,right,0,0,9,261,216,111,150,148,7,701,0,0,0,1127,0,0
33039,right,0,0,0,214,211,30,59,58,0,245,0,0,0,609,0,0
33118,right,0,0,0,10,71,0,0,0,0,113,0,0,0,475,0,0
33197,right,0,0,0,0,0,0,0,0,0,39,0,0,0,425,0,0
33276,right,0,0,0,0,0,0,0,0,0,30,0,0,0,401,0,0
33355,right,0,0,0,0,0,0,0,0,0,19,0,0,0,390,0,0
33434,right,0,0,0,0,0,0,0,0,0,9,0,0,0,367,0,0
33513,right,0,0,0,0,0,0,0,0,0,14,0,0,0,340,0,0
33592,right,0,0,0,0,0,0,0,0,0,1,0,0,0,334,0,0
33671,right,0,0,0,0,0,0,0,0,0,0,0,0,0,327,0,0
33750,right,0,0,0,0,0,0,0,0,0,0,0,0,0,325,0,0
33829,right,0,0,0,0,0,0,0,0,0,0,0,0,0,318,0,0
33908,right,0,0,0,0,0,0,0,0,0,0,0,0,0,240,0,141
33987,right,0,0,0,0,0,0,0,0,0,0,0,0,0,238,73,221
34066,right,0,0,0,0,0,0,0,0,0,0,0,86,327,4070,126,259
34145,right,0,0,0,0,0,0,0,0,21,62,0,130,323,4095,126,263
34224,right,0,0,0,0,4,16,0,0,61,89,0,144,259,4095,138,271
34303,right,0,0,0,0,77,20,0,29,74,3959,72,160,319,4095,146,273
34382,right,0,0,0,20,106,35,16,80,80,4095,75,151,298,4095,133,271
34461,right,0,0,0,48,149,61,33,107,80,4095,69,139,293,4095,75,251
34540,right,0,0,0,97,175,76,67,118,81,4095,75,123,288,4095,65,240
34619,right,0,0,0,111,183,82,82,131,89,4095,66,117,288,4095,43,225
34698,right,0,0,0,128,206,92,121,142,90,4095,64,85,298,4095,0,195
34777,right,0,0,7,176,214,109,142,151,79,4095,69,0,157,4095,0,97
34856,right,0,0,69,203,235,145,171,171,75,3978,63,0,0,1094,0,0
34935,right,0,0,102,222,247,158,181,176,1,442,0,0,0,624,0,0
35014,right,0,0,52,208,239,39,80,89,0,218,0,0,0,481,0,0
35093,right,0,0,0,68,182,0,0,0,0,87,0,0,0,435,0,0
35172,right,0,0,0,0,0,0,0,0,0,23,0,0,0,335,0,0
35251,right,0,0,0,0,0,0,0,0,0,33,0,0,0,367,0,0
35329,right,0,0,0,0,0,0,0,0,0,26,0,0,0,368,0,0
35408,right,0,0,0,0,0,0,0,0,0,15,0,0,0,347,0,0
35487,right,0,0,0,0,0,0,0,0,0,0,0,0,0,325,0,0
35566,right,0,0,0,0,0,0,0,0,0,1,0,0,0,311,0,0
35645,right,0,0,0,0,0,0,0,0,0,2,0,0,0,287,0,0
35724,right,0,0,0,0,0,0,0,0,0,0,0,0,0,305,0,0
35803,right,0,0,0,0,0,0,0,0,0,0,0,0,0,291,0,0
35882,right,0,0,0,0,0,0,0,0,0,0,0,0,0,302,0,0
35961,right,0,0,0,0,0,0,0,0,0,0,0,0,0,253,0,34
36040,right,0,0,0,0,0,0,0,0,0,0,0,0,0,222,21,204
36119,right,0,0,0,0,0,0,0,0,0,0,0,17,337,498,74,230
36198,right,0,0,0,0,0,0,0,0,0,29,0,54,353,4095,99,245
36277,right,0,0,0,0,0,0,0,0,23,58,0,128,464,4095,116,256
36356,right,0,0,0,0,0,16,0,0,86,107,0,166,418,4095,144,272
36435,right,0,0,0,0,0,81,15,0,160,4095,73,218,375,4095,151,279
36514,right,0,0,0,30,67,102,48,16,179,4095,73,217,377,4095,130,271
36593,right,0,0,0,64,100,112,81,27,180,4095,70,205,318,4095,89,246
36672,right,0,0,0,95,139,115,118,48,189,4095,75,201,340,4095,71,242
36751,right,0,0,6,112,160,144,132,85,192,4095,71,194,309,4095,54,230
36830,right,0,0,33,115,167,142,133,99,177,4095,71,176,307,4095,49,228
36909,right,0,0,27,117,176,112,131,112,160,4095,73,144,304,4095,34,221
36988,right,0,0,32,128,186,134,136,128,125,4095,65,118,267,4095,0,192
37067,right,0,0,47,156,205,145,146,141,115,4095,64,64,198,4095,0,106
37146,right,0,0,85,195,222,151,171,150,64,1535,11,0,0,1122,0,0
37225,right,0,0,83,195,228,69,114,93,0,279,0,0,0,621,0,0
37304,right,0,0,0,95,176,0,0,0,0,221,0,0,0,491,0,0
37383,right,0,0,0,0,0,0,0,0,0,84,0,0,0,432,0,0
37462,right,0,0,0,0,0,0,0,0,0,64,0,0,0,413,0,0
37541,right,0,0,0,0,0,0,0,0,0,33,0,0,0,397,0,0
37620,right,0,0,0,0,0,0,0,0,0,17,0,0,0,370,0,0
37699,right,0,0,0,0,0,0,0,0,0,20,0,0,0,351,0,0
37778,right,0,0,0,0,0,0,0,0,0,6,0,0,0,325,0,0
37857,right,0,0,0,0,0,0,0,0,0,16,0,0,0,320,0,0
37936,right,0,0,0,0,0,0,0,0,0,12,0,0,0,292,0,0
38015,right,0,0,0,0,0,0,0,0,0,4,0,0,0,309,0,0
38094,right,0,0,0,0,0,0,0,0,0,0,0,0,0,314,0,0
38173,right,0,0,0,0,0,0,0,0,0,0,0,0,0,281,0,63
38252,right,0,0,0,0,0,0,0,0,0,0,0,0,0,219,69,223
38331,right,0,0,0,0,0,0,0,0,0,0,0,48,402,4095,112,253
38410,right,0,0,0,0,0,0,0,0,0,47,0,65,317,4095,119,259
38489,right,0,0,0,0,0,0,0,0,20,73,0,130,434,4095,142,271
38568,right,0,0,0,0,0,0,0,0,67,115,0,160,386,4095,155,282
38647,right,0,0,0,0,0,30,0,0,128,4080,73,180,448,4095,178,284
38726,right,0,0,0,0,27,79,14,0,155,4095,64,208,470,4095,155,278
38805,right,0,0,0,0,33,78,23,0,157,4095,70,180,448,4095,153,278
38884,right,0,0,0,0,4,38,14,0,144,4095,71,183,454,4095,176,284
38963,right,0,0,0,0,0,5,0,0,129,4095,66,186,444,4095,189,286
39042,right,0,0,0,0,0,0,0,0,101,4095,68,182,468,4095,194,287
39121,right,0,0,0,0,0,0,0,0,48,4095,69,177,464,4095,205,290
39200,right,0,0,0,0,0,0,0,0,48,4095,69,172,399,4095,192,282
39278,right,0,0,0,0,5,0,0,16,47,4095,67,161,385,4095,158,281
39357,right,0,0,0,0,70,0,0,35,15,1453,32,80,281,4095,20,217
39436,right,0,0,0,48,116,0,33,49,0,209,0,0,0,1078,0,0
39515,right,0,0,0,0,0,0,0,0,0,254,0,0,0,644,0,0
39594,right,0,0,0,0,0,0,0,0,0,106,0,0,0,491,0,0
39673,right,0,0,0,0,0,0,0,0,0,46,0,0,0,462,0,0
39752,right,0,0,0,0,0,0,0,0,0,0,0,0,0,426,0,0
39831,right,0,0,0,0,0,0,0,0,0,27,0,0,0,395,0,0
39910,right,0,0,0,0,0,0,0,0,0,37,0,0,0,361,0,0
39989,right,0,0,0,0,0,0,0,0,0,10,0,0,0,321,0,0
40068,right,0,0,0,0,0,0,0,0,0,22,0,0,0,336,0,0
40147,right,0,0,0,0,0,0,0,0,0,16,0,0,0,342,0,0
40226,right,0,0,0,0,0,0,0,0,0,3,0,0,0,355,0,0
40305,right,0,0,0,0,0,0,0,0,0,0,0,0,0,242,0,145
40384,right,0,0,0,0,0,0,0,0,0,0,0,0,0,271,76,227
40463,right,0,0,0,0,0,0,0,0,0,8,0,47,304,1608,104,246
40542,right,0,0,0,0,0,0,0,0,0,45,0,70,243,4095,120,257
40621,right,0,0,0,0,0,0,0,0,19,84,0,133,369,4095,138,269
40700,right,0,0,0,0,0,5,0,0,81,126,0,163,358,4095,144,272
40779,right,0,0,0,0,46,58,3,0,146,4095,70,177,445,4095,151,273
40858,right,0,0,0,16,80,75,23,18,160,4095,69,202,497,4095,149,272
40937,right,0,0,0,26,97,70,31,34,145,4095,65,169,421,4095,135,271
41016,right,0,0,0,44,136,80,46,48,148,4095,64,167,444,4095,119,259
41095,right,0,0,0,85,157,80,58,96,145,4095,69,155,435,4095,105,253
41174,right,0,0,0,99,172,83,106,107,143,4095,62,151,409,4095,77,249
41253,right,0,0,0,105,176,83,103,117,112,4095,69,134,419,4095,63,242
41332,right,0,0,0,115,189,91,117,126,109,4095,66,112,336,4095,15,216
41411,right,0,0,3,162,208,107,144,145,105,4095,70,27,215,4095,0,110
41490,right,0,0,70,204,234,148,175,168,16,1097,0,0,0,958,0,0
41569,right,0,0,0,183,225,16,47,74,0,295,0,0,0,599,0,0
41648,right,0,0,0,0,54,0,0,0,0,139,0,0,0,475,0,0
41727,right,0,0,0,0,0,0,0,0,0,112,0,0,0,442,0,0
41806,right,0,0,0,0,0,0,0,0,0,38,0,0,0,425,0,0
41885,right,0,0,0,0,0,0,0,0,0,21,0,0,0,391,0,0
41964,right,0,0,0,0,0,0,0,0,0,29,0,0,0,375,0,0
42043,right,0,0,0,0,0,0,0,0,0,0,0,0,0,318,0,0
42122,right,0,0,0,0,0,0,0,0,0,0,0,0,0,295,0,0
42201,right,0,0,0,0,0,0,0,0,0,16,0,0,0,343,0,0
42280,right,0,0,0,0,0,0,0,0,0,0,0,0,0,368,0,0
42359,right,0,0,0,0,0,0,0,0,0,0,0,0,0,208,0,146
42438,right,0,0,0,0,0,0,0,0,0,0,0,0,0,272,84,231
42517,right,0,0,0,0,0,0,0,0,0,0,0,37,403,567,139,263
42596,right,0,0,0,0,0,0,0,0,0,48,0,98,256,4095,147,272
42675,right,0,0,0,0,0,0,0,0,15,74,0,136,432,4095,154,276
42754,right,0,0,0,0,0,0,0,0,35,99,0,148,322,4095,159,278
42833,right,0,0,0,0,0,0,0,0,75,174,0,165,296,4095,155,281
42912,right,0,0,0,0,7,5,0,2,112,4095,66,179,351,4095,172,284
42991,right,0,0,0,0,37,16,6,16,135,4095,75,208,366,4095,174,283
43070,right,0,0,0,0,53,19,16,22,131,4095,68,197,353,4095,149,274
43149,right,0,0,0,11,98,74,43,74,144,4095,71,193,368,4095,125,260
43228,right,0,0,0,58,149,90,83,106,153,4095,74,187,342,4095,80,245
43307,right,0,0,0,112,179,106,130,126,156,4095,69,128,264,4095,14,210
43386,right,0,0,10,133,206,113,144,141,121,4095,64,80,205,4095,0,166
43465,right,0,0,17,172,220,143,160,148,119,4095,70,13,92,3678,0,84
43544,right,0,0,77,192,230,166,179,162,113,4095,64,0,0,1023,0,0
43623,right,0,0,112,211,244,177,193,170,91,4033,53,0,0,653,0,0
43702,right,0,0,115,227,256,158,176,156,0,442,0,0,0,510,0,0
43781,right,0,0,50,208,234,45,75,40,0,164,0,0,0,433,0,0
43860,right,0,0,0,60,154,0,0,0,0,112,0,0,0,374,0,0
43939,right,0,0,0,0,0,0,0,0,0,80,0,0,0,373,0,0
44018,right,0,0,0,0,0,0,0,0,0,73,0,0,0,369,0,0
44097,right,0,0,0,0,0,0,0,0,0,39,0,0,0,355,0,0
44176,right,0,0,0,0,0,0,0,0,0,41,0,0,0,326,0,0
44255,right,0,0,0,0,0,0,0,0,0,32,0,0,0,304,0,0
44334,right,0,0,0,0,0,0,0,0,0,6,0,0,0,295,0,0
44413,right,0,0,0,0,0,0,0,0,0,16,0,0,0,297,0,0
44492,right,0,0,0,0,0,0,0,0,0,14,0,0,0,290,0,0
44571,right,0,0,0,0,0,0,0,0,0,10,0,0,0,315,0,0
44650,right,0,0,0,0,0,0,0,0,0,0,0,0,0,258,0,34
44729,right,0,0,0,0,0,0,0,0,0,0,0,0,0,222,37,208
44808,right,0,0,0,0,0,0,0,0,0,0,0,48,447,879,108,242
44887,right,0,0,0,0,0,0,0,0,0,54,0,101,261,4095,122,259
44966,right,0,0,0,0,0,0,0,0,20,63,0,136,378,4095,148,272
45045,right,0,0,0,0,0,0,0,0,66,103,0,162,443,4095,173,278
45124,right,0,0,0,0,0,0,0,0,80,149,0,169,462,4095,177,286
45203,right,0,0,0,0,0,0,0,0,77,4095,73,170,486,4095,180,285
45282,right,0,0,0,0,58,1,0,33,83,4095,62,165,370,4095,171,280
45361,right,0,0,0,0,80,0,0,70,80,4095,59,156,240,4095,151,276
45440,right,0,0,0,0,96,4,3,89,82,4095,58,160,242,4095,149,272
45518,right,0,0,0,0,110,6,14,98,80,4095,63,159,244,4095,144,273
45597,right,0,0,0,11,134,0,16,111,74,4095,162,144,237,4095,139,272
45676,right,0,0,0,23,151,0,19,121,61,4095,64,131,227,4095,113,267
45755,right,0,0,0,44,166,10,31,137,61,4095,66,113,207,4095,75,254
45834,right,0,0,0,107,193,35,80,144,49,4095,66,33,148,4095,0,182
45913,right,0,0,0,179,225,75,139,165,0,629,0,0,0,1199,0,0
45992,right,0,0,0,178,234,0,59,84,0,234,0,0,0,646,0,0
46071,right,0,0,0,65,182,0,0,0,0,111,0,0,0,528,0,0
46150,right,0,0,0,0,0,0,0,0,0,63,0,0,0,420,0,0
46229,right,0,0,0,0,0,0,0,0,0,79,0,0,0,422,0,0
46308,right,0,0,0,0,0,0,0,0,0,50,0,0,0,400,0,0
46387,right,0,0,0,0,0,0,0,0,0,28,0,0,0,379,0,0
46466,right,0,0,0,0,0,0,0,0,0,18,0,0,0,350,0,0
46545,right,0,0,0,0,0,0,0,0,0,11,0,0,0,336,0,0
46624,right,0,0,0,0,0,0,0,0,0,0,0,0,0,324,0,0
46703,right,0,0,0,0,0,0,0,0,0,16,0,0,0,320,0,0
46782,right,0,0,0,0,0,0,0,0,0,5,0,0,0,306,0,0
46861,right,0,0,0,0,0,0,0,0,0,0,0,0,0,294,0,0
46940,right,0,0,0,0,0,0,0,0,0,0,0,0,0,286,0,1
47019,right,0,0,0,0,0,0,0,0,0,0,0,0,0,194,47,214
47098,right,0,0,0,0,0,0,0,0,0,0,0,22,332,3933,112,245
47177,right,0,0,0,0,0,0,0,0,0,48,0,62,340,4095,131,259
47256,right,0,0,0,0,0,0,0,0,0,39,0,119,385,4095,149,272
47335,right,0,0,0,0,0,0,0,0,41,87,0,163,273,4095,166,281
47414,right,0,0,0,0,0,0,0,0,82,176,0,176,281,4095,186,285
47493,right,0,0,0,0,0,23,0,0,143,4095,64,206,368,4095,182,287
47572,right,0,0,0,0,32,64,21,3,156,4095,71,208,341,4095,155,275
47651,right,0,0,0,2,61,75,31,15,157,4095,67,208,339,4095,151,272
47730,right,0,0,0,17,85,79,42,29,165,4095,66,209,343,4095,146,271
47809,right,0,0,0,26,104,80,48,41,151,4095,64,178,332,4095,139,270
47888,right,0,0,0,43,143,81,48,80,142,4095,144,159,285,4095,118,264
47967,right,0,0,0,81,162,81,78,104,103,4095,65,146,275,4095,103,254
48046,right,0,0,0,98,171,80,80,115,97,4095,63,144,308,4095,77,248
48125,right,0,0,0,110,176,80,111,124,96,4095,64,123,277,4095,50,237
48204,right,0,0,0,124,187,80,115,131,81,4095,64,81,292,4095,0,192
48283,right,0,0,0,133,207,81,127,137,2,926,0,0,11,1569,0,16
48362,right,0,0,0,164,213,33,87,87,0,235,0,0,0,707,0,0
48441,right,0,0,0,45,164,0,0,0,0,228,0,0,0,547,0,0
48520,right,0,0,0,0,0,0,0,0,0,53,0,0,0,475,0,0
48599,right,0,0,0,0,0,0,0,0,0,65,0,0,0,436,0,0
48678,right,0,0,0,0,0,0,0,0,0,46,0,0,0,416,0,0
48757,right,0,0,0,0,0,0,0,0,0,38,0,0,0,389,0,0
48836,right,0,0,0,0,0,0,0,0,0,17,0,0,0,347,0,0
48915,right,0,0,0,0,0,0,0,0,0,9,0,0,0,336,0,0
48994,right,0,0,0,0,0,0,0,0,0,17,0,0,0,335,0,0
49073,right,0,0,0,0,0,0,0,0,0,13,0,0,0,327,0,0
49152,right,0,0,0,0,0,0,0,0,0,14,0,0,0,309,0,0
49231,right,0,0,0,0,0,0,0,0,0,5,0,0,0,312,0,0
49310,right,0,0,0,0,0,0,0,0,0,0,0,0,0,244,0,144
49389,right,0,0,0,0,0,0,0,0,0,0,0,42,240,470,108,240
49467,right,0,0,0,0,0,0,0,0,0,64,0,99,389,4095,128,263
49546,right,0,0,0,0,0,0,0,0,27,69,0,141,391,4095,156,271
49625,right,0,0,0,0,0,0,0,0,67,120,0,167,457,4095,187,285
49704,right,0,0,0,0,0,0,0,0,112,4011,61,183,465,4095,192,285
49783,right,0,0,0,0,18,23,0,0,155,4095,58,217,496,4095,176,277
49862,right,0,0,0,0,62,80,34,6,177,4095,69,210,431,4095,146,274
49941,right,0,0,0,22,83,102,48,16,198,4095,75,221,406,4095,138,268
50020,right,0,0,0,57,107,117,84,32,208,4095,62,220,407,4095,122,256
50099,right,0,0,0,85,139,138,126,48,211,4095,66,210,355,4095,92,240
50178,right,0,0,10,111,159,163,139,77,212,4095,65,189,324,4095,38,211
50257,right,0,0,60,128,177,157,145,110,191,4095,64,144,289,4095,0,179
50336,right,0,0,80,144,197,171,159,128,192,4095,66,112,251,4095,0,117
50415,right,0,0,98,176,208,177,171,133,176,4095,53,65,181,1639,0,64
50494,right,0,0,114,195,226,187,183,157,143,4095,59,0,0,847,0,0
50573,right,0,0,140,221,241,189,193,157,39,907,0,0,0,608,0,0
50652,right,0,0,113,210,237,90,109,80,0,251,0,0,0,486,0,0
50731,right,0,0,0,164,194,18,0,0,0,176,0,0,0,419,0,0
50810,right,0,0,0,0,0,0,0,0,0,100,0,0,0,352,0,0
50889,right,0,0,0,0,0,0,0,0,0,89,0,0,0,368,0,0
50968,right,0,0,0,0,0,0,0,0,0,52,0,0,0,369,0,0
51047,right,0,0,0,0,0,0,0,0,0,36,0,0,0,350,0,0
51126,right,0,0,0,0,0,0,0,0,0,27,0,0,0,323,0,0
51205,right,0,0,0,0,0,0,0,0,0,6,0,0,0,304,0,0
51284,right,0,0,0,0,0,0,0,0,0,15,0,0,0,307,0,0
51363,right,0,0,0,0,0,0,0,0,0,27,0,0,0,315,0,0
51442,right,0,0,0,0,0,0,0,0,0,15,0,0,0,267,0,0
51521,right,0,0,0,0,0,0,0,0,0,16,0,0,0,279,0,0
51600,right,0,0,0,0,0,0,0,0,0,19,0,0,0,304,0,0
51679,right,0,0,0,0,0,0,0,0,0,0,0,0,0,244,0,3
51758,right,0,0,0,0,0,0,0,0,0,0,0,0,0,158,41,208
51837,right,0,0,0,0,0,0,0,0,0,15,0,0,326,535,32,210
51916,right,0,0,0,0,0,0,0,0,0,62,0,48,328,4095,97,247
51995,right,0,0,0,0,0,0,0,0,17,84,0,121,390,4095,123,266
52074,right,0,0,0,0,0,0,0,0,55,112,0,144,412,4095,142,264
52153,right,0,0,0,0,0,6,0,0,85,3988,70,169,447,4095,155,278
52232,right,0,0,0,0,0,30,7,0,131,4095,128,176,489,4095,157,275
52311,right,0,0,0,0,59,55,30,32,137,4095,67,171,393,4095,144,273
52390,right,0,0,0,13,89,50,38,64,127,4095,68,163,356,4095,138,268
52469,right,0,0,0,35,107,69,49,85,106,4095,63,149,335,4095,112,256
52548,right,0,0,0,90,161,82,111,113,107,4095,71,139,370,4095,61,240
52627,right,0,0,0,112,185,90,125,131,101,4095,64,101,343,4095,0,196
52706,right,0,0,2,160,208,106,144,144,95,4095,64,16,245,4095,0,101
52785,right,0,0,64,183,224,139,159,159,80,4062,64,0,42,1280,0,0
52864,right,0,0,91,204,240,148,179,173,10,971,0,0,0,697,0,0
52943,right,0,0,61,198,234,48,107,98,0,235,0,0,0,496,0,0
53022,right,0,0,0,64,171,0,0,0,0,174,0,0,0,436,0,0
53101,right,0,0,0,0,0,0,0,0,0,63,0,0,0,375,0,0
53180,right,0,0,0,0,0,0,0,0,0,64,0,0,0,377,0,0
53259,right,0,0,0,0,0,0,0,0,0,40,0,0,0,368,0,0
53338,right,0,0,0,0,0,0,0,0,0,41,0,0,0,346,0,0
53417,right,0,0,0,0,0,0,0,0,0,22,0,0,0,327,0,0
53496,right,0,0,0,0,0,0,0,0,0,0,0,0,0,308,0,0
53575,right,0,0,0,0,0,0,0,0,0,16,0,0,0,305,0,0
53654,right,0,0,0,0,0,0,0,0,0,19,0,0,0,293,0,0
53733,right,0,0,0,0,0,0,0,0,0,11,0,0,0,304,0,0
53812,right,0,0,0,0,0,0,0,0,0,0,0,0,0,259,0,0
53891,right,0,0,0,0,0,0,0,0,0,0,0,0,0,213,0,137
53970,right,0,0,0,0,0,0,0,0,0,0,0,1,172,353,89,230
54049,right,0,0,0,0,0,0,0,0,0,42,0,45,288,3994,111,246
54128,right,0,0,0,0,0,0,0,0,0,65,0,88,382,4095,129,262
54207,right,0,0,0,0,0,0,0,0,17,80,0,133,417,4095,149,275
54286,right,0,0,0,0,0,0,0,0,39,93,0,156,421,4095,162,278
54365,right,0,0,0,0,0,0,0,0,78,3984,65,171,463,4095,180,278
54444,right,0,0,0,0,0,0,0,0,112,4095,64,177,429,4095,186,281
54523,right,0,0,0,0,14,11,0,10,96,4095,74,183,417,4095,166,282
54602,right,0,0,0,0,36,13,3,17,93,4095,64,173,377,4095,157,277
54681,right,0,0,0,0,47,13,5,35,90,4095,69,167,370,4095,158,277
54760,right,0,0,0,0,63,16,14,60,90,4095,66,165,374,4095,154,276
54839,right,0,0,0,0,83,18,20,80,86,4095,64,162,320,4095,145,274
54918,right,0,0,0,9,107,17,27,94,81,4095,61,145,281,4095,128,271
54997,right,0,0,0,29,140,32,39,112,80,4095,64,131,269,4095,100,254
55076,right,0,0,0,75,165,41,76,123,64,4095,64,80,206,4095,1,214
55155,right,0,0,0,117,192,50,117,139,0,792,0,0,0,1440,0,4
55234,right,0,0,0,161,210,44,96,89,0,240,0,0,0,697,0,0
55313,right,0,0,0,113,192,0,0,2,0,164,0,0,0,529,0,0
55392,right,0,0,0,0,11,0,0,0,0,74,0,0,0,419,0,0
55471,right,0,0,0,0,0,0,0,0,0,68,0,0,0,395,0,0
55550,right,0,0,0,0,0,0,0,0,0,64,0,0,0,397,0,0
55629,right,0,0,0,0,0,0,0,0,0,51,0,0,0,378,0,0
55707,right,0,0,0,0,0,0,0,0,0,45,0,0,0,359,0,0
55786,right,0,0,0,0,0,0,0,0,0,22,0,0,0,334,0,0
55865,right,0,0,0,0,0,0,0,0,0,34,0,0,0,306,0,0
55944,right,0,0,0,0,0,0,0,0,0,16,0,0,0,329,0,0
56023,right,0,0,0,0,0,0,0,0,0,0,0,0,0,209,0,114
56102,right,0,0,0,0,0,0,0,0,0,0,0,0,0,303,117,250
56181,right,0,0,0,0,0,0,0,0,0,60,0,69,177,4095,143,269
56260,right,0,0,0,0,0,0,0,0,2,80,0,130,277,4095,155,277
56339,right,0,0,0,0,0,0,0,0,34,112,0,146,311,4095,155,280
56418,right,0,0,0,0,0,0,0,0,81,4095,66,163,329,4095,161,278
56497,right,0,0,0,0,55,19,11,32,97,4095,65,172,338,4095,157,279
56576,right,0,0,0,5,98,19,19,78,85,4095,65,160,320,4095,144,272
56655,right,0,0,0,15,132,15,23,97,78,4095,59,145,312,4095,131,269
56734,right,0,0,0,33,153,16,16,114,69,4095,59,132,304,4095,113,261
56813,right,0,0,0,75,179,20,57,132,64,4095,62,109,271,4095,63,240
56892,right,0,0,0,109,203,37,84,145,53,4095,67,66,229,4095,0,209
56971,right,0,0,0,126,209,48,113,153,31,4031,64,0,153,4095,0,167
57050,right,0,0,0,176,226,78,136,167,0,799,0,0,0,1555,0,16
57129,right,0,0,0,190,238,28,104,162,0,249,0,0,0,694,0,0
57208,right,0,0,0,106,209,0,0,22,0,233,0,0,0,543,0,0
57287,right,0,0,0,0,49,0,0,0,0,79,0,0,0,448,0,0
57366,right,0,0,0,0,0,0,0,0,0,21,0,0,0,400,0,0
57445,right,0,0,0,0,0,0,0,0,0,18,0,0,0,399,0,0
57524,right,0,0,0,0,0,0,0,0,0,37,0,0,0,375,0,0
57603,right,0,0,0,0,0,0,0,0,0,41,0,0,0,365,0,0
57682,right,0,0,0,0,0,0,0,0,0,16,0,0,0,342,0,0
57761,right,0,0,0,0,0,0,0,0,0,10,0,0,0,319,0,0
57840,right,0,0,0,0,0,0,0,0,0,32,0,0,0,318,0,0
57919,right,0,0,0,0,0,0,0,0,0,16,0,0,0,317,0,0
57998,right,0,0,0,0,0,0,0,0,0,0,0,0,0,279,0,0
58077,right,0,0,0,0,0,0,0,0,0,1,0,0,0,265,0,128
58156,right,0,0,0,0,0,0,0,0,0,0,0,0,0,249,0,190
58235,right,0,0,0,0,0,0,0,0,0,2,0,0,52,386,71,224
58314,right,0,0,0,0,0,0,0,0,0,42,0,38,178,4095,102,247
58393,right,0,0,0,0,0,0,0,0,0,64,0,109,319,4095,141,271
58472,right,0,0,0,0,0,0,0,0,20,91,0,141,375,4095,161,274
58551,right,0,0,0,0,0,0,0,0,62,132,0,167,425,4095,188,282
58630,right,0,0,0,0,0,0,0,0,90,4095,64,180,438,4095,193,288
58709,right,0,0,0,0,0,0,0,0,86,4095,67,176,432,4095,199,283
58788,right,0,0,0,0,0,0,0,0,80,4067,70,176,448,4095,195,287
58867,right,0,0,0,0,0,0,0,0,71,4095,73,174,434,4095,195,289
58946,right,0,0,0,0,0,0,0,16,48,4095,74,172,427,4095,190,287
59025,right,0,0,0,0,48,0,0,62,37,4095,72,162,432,4095,181,288
59104,right,0,0,0,0,87,0,0,83,26,4095,59,144,431,4095,158,281
59183,right,0,0,0,10,113,0,2,102,30,4095,68,131,412,4095,138,272
59262,right,0,0,0,38,154,8,28,125,0,4045,64,80,340,4095,47,234
59341,right,0,0,0,110,189,10,77,137,0,435,0,0,0,1449,0,0
59420,right,0,0,0,49,170,0,0,5,0,255,0,0,0,688,0,0
59499,right,0,0,0,0,0,0,0,0,0,122,0,0,0,511,0,0
59578,right,0,0,0,0,0,0,0,0,0,50,0,0,0,454,0,0
59656,right,0,0,0,0,0,0,0,0,0,64,0,0,0,422,0,0
59735,right,0,0,0,0,0,0,0,0,0,58,0,0,0,409,0,0
59814,right,0,0,0,0,0,0,0,0,0,58,0,0,0,373,0,0
59893,right,0,0,0,0,0,0,0,0,0,27,0,0,0,352,0,0
59972,right,0,0,0,0,0,0,0,0,0,39,0,0,0,311,0,0
60051,right,0,0,0,0,0,0,0,0,0,33,0,0,0,336,0,0
60130,right,0,0,0,0,0,0,0,0,0,6,0,0,0,336,0,0
60209,right,0,0,0,0,0,0,0,0,0,0,0,0,0,269,0,134
60288,right,0,0,0,0,0,0,0,0,0,0,0,0,0,265,64,221
60367,right,0,0,0,0,0,0,0,0,0,42,0,37,231,4095,111,247
60446,right,0,0,0,0,0,0,0,0,0,61,0,65,376,4095,139,269
60525,right,0,0,0,0,0,0,0,0,3,85,0,133,467,4095,157,277
60604,right,0,0,0,0,0,0,0,0,40,119,0,161,371,4095,180,283
60683,right,0,0,0,0,0,0,0,0,82,4079,68,176,332,4095,194,287
60762,right,0,0,0,0,0,18,0,0,114,4095,64,183,370,4095,187,287
60841,right,0,0,0,0,0,0,0,0,93,4095,69,177,336,4095,190,292
60920,right,0,0,0,0,0,0,0,0,90,4095,69,183,343,4095,199,289
60999,right,0,0,0,0,0,0,0,0,82,4095,69,176,339,4095,203,291
61078,right,0,0,0,0,0,0,0,16,42,4095,70,171,340,4095,198,288
61157,right,0,0,0,0,6,0,0,52,30,4095,66,160,333,4095,189,287
61236,right,0,0,0,0,61,0,0,81,30,4095,70,147,385,4095,160,282
61315,right,0,0,0,2,101,0,10,110,34,4095,71,132,339,4095,135,270
61394,right,0,0,0,47,160,16,35,128,3,4095,64,53,261,4095,12,217
61473,right,0,0,0,115,197,16,90,144,0,446,0,0,0,1353,0,0
61552,right,0,0,0,109,196,0,4,65,0,256,0,0,0,677,0,0
61631,right,0,0,0,0,62,0,0,0,0,167,0,0,0,533,0,0
61710,right,0,0,0,0,0,0,0,0,0,49,0,0,0,463,0,0
61789,right,0,0,0,0,0,0,0,0,0,79,0,0,0,431,0,0
61868,right,0,0,0,0,0,0,0,0,0,61,0,0,0,406,0,0
61947,right,0,0,0,0,0,0,0,0,0,50,0,0,0,386,0,0
62026,right,0,0,0,0,0,0,0,0,0,45,0,0,0,362,0,0
62105,right,0,0,0,0,0,0,0,0,0,33,0,0,0,353,0,0
62184,right,0,0,0,0,0,0,0,0,0,30,0,0,0,336,0,0
62263,right,0,0,0,0,0,0,0,0,0,25,0,0,0,307,0,0
62342,right,0,0,0,0,0,0,0,0,0,28,0,0,0,333,0,0
62421,right,0,0,0,0,0,0,0,0,0,0,0,0,0,314,0,0
62500,right,0,0,0,0,0,0,0,0,0,0,0,0,0,227,0,130
62579,right,0,0,0,0,0,0,0,0,0,0,0,0,316,467,64,222
62658,right,0,0,0,0,0,0,0,0,0,37,0,29,445,4095,94,236
62737,right,0,0,0,0,0,0,0,0,0,91,0,121,507,4095,132,262
62816,right,0,0,0,0,0,0,0,0,63,133,0,151,463,4095,159,273
62895,right,0,0,0,0,0,13,0,0,80,4075,69,168,496,4095,166,278
62974,right,0,0,0,0,13,3,0,31,80,4095,72,168,496,4095,181,285
63053,right,0,0,0,0,55,0,0,70,62,4095,67,160,463,4095,160,282
63132,right,0,0,0,0,82,0,11,91,36,4095,67,144,389,4095,158,277
63211,right,0,0,0,0,109,0,17,113,32,4095,70,142,373,4095,149,275
63290,right,0,0,0,15,146,0,27,126,19,4095,65,128,368,4095,142,272
63369,right,0,0,0,27,158,0,29,134,4,4095,69,111,338,4095,116,262
63448,right,0,0,0,98,190,19,80,151,0,4047,64,22,261,4095,0,206
63527,right,0,0,0,179,230,80,150,208,0,553,0,0,0,1324,0,0
63605,right,0,0,0,191,240,0,71,150,0,270,0,0,0,670,0,0
63684,right,0,0,0,78,202,0,0,38,0,94,0,0,0,557,0,0
63763,right,0,0,0,0,0,0,0,0,0,31,0,0,0,411,0,0
63842,right,0,0,0,0,0,0,0,0,0,55,0,0,0,387,0,0
63921,right,0,0,0,0,0,0,0,0,0,75,0,0,0,360,0,0
64000,right,0,0,0,0,0,0,0,0,0,52,0,0,0,369,0,0
64079,right,0,0,0,0,0,0,0,0,0,21,0,0,0,359,0,0
64158,right,0,0,0,0,0,0,0,0,0,34,0,0,0,342,0,0
64237,right,0,0,0,0,0,0,0,0,0,39,0,0,0,322,0,0
64316,right,0,0,0,0,0,0,0,0,0,23,0,0,0,326,0,0
64395,right,0,0,0,0,0,0,0,0,0,27,0,0,0,330,0,0
64474,right,0,0,0,0,0,0,0,0,0,0,0,0,0,230,0,124
64553,right,0,0,0,0,0,0,0,0,0,0,0,0,0,285,96,230
64632,right,0,0,0,0,0,0,0,0,0,66,0,55,461,4087,124,256
64711,right,0,0,0,0,0,0,0,0,5,81,0,126,413,4095,150,272
64790,right,0,0,0,0,0,0,0,0,42,112,0,157,465,4095,173,282
64869,right,0,0,0,0,0,0,0,0,80,165,0,167,473,4095,189,286
64948,right,0,0,0,0,0,11,0,0,132,4095,71,180,315,4095,183,285
65027,right,0,0,0,0,0,46,4,0,143,4095,63,200,314,4095,165,279
65106,right,0,0,0,0,0,64,19,1,152,4095,65,201,323,4095,153,275
65185,right,0,0,0,0,37,78,37,15,162,4095,68,207,301,4095,154,274
65264,right,0,0,0,19,80,90,47,38,166,4095,67,202,289,4095,139,269
65343,right,0,0,0,46,112,96,91,87,160,4095,64,175,224,4095,112,256
65422,right,0,0,0,95,155,97,118,111,148,4095,65,140,202,4095,61,235
65501,right,0,0,2,117,176,94,140,129,118,4095,64,98,158,4095,0,176
65580,right,0,0,48,176,208,150,165,150,112,4082,62,0,0,1487,0,0
65659,right,0,0,98,212,240,156,176,169,0,752,0,0,0,772,0,0
65738,right,0,0,46,209,240,33,85,108,0,272,0,0,0,573,0,0
65817,right,0,0,0,169,212,0,0,13,0,103,0,0,0,476,0,0
65896,right,0,0,0,0,36,0,0,0,0,64,0,0,0,369,0,0
65975,right,0,0,0,0,0,0,0,0,0,96,0,0,0,380,0,0
66054,right,0,0,0,0,0,0,0,0,0,75,0,0,0,375,0,0
66133,right,0,0,0,0,0,0,0,0,0,64,0,0,0,368,0,0
66212,right,0,0,0,0,0,0,0,0,0,55,0,0,0,335,0,0
66291,right,0,0,0,0,0,0,0,0,0,37,0,0,0,307,0,0
66370,right,0,0,0,0,0,0,0,0,0,29,0,0,0,304,0,0
66449,right,0,0,0,0,0,0,0,0,0,19,0,0,0,311,0,0
66528,right,0,0,0,0,0,0,0,0,0,19,0,0,0,316,0,0
66607,right,0,0,0,0,0,0,0,0,0,0,0,0,0,239,0,43
66686,right,0,0,0,0,0,0,0,0,0,0,0,0,0,215,29,195
66765,right,0,0,0,0,0,0,0,0,0,6,0,29,16,352,107,240
66844,right,0,0,0,0,0,0,0,0,0,101,0,99,139,4095,123,258
66923,right,0,0,0,0,0,0,0,0,63,142,0,138,205,4095,150,274
67002,right,0,0,0,0,0,16,0,0,84,176,0,149,234,4095,155,277
67081,right,0,0,0,0,77,48,10,30,109,4095,66,158,253,4095,151,278
67160,right,0,0,0,15,112,31,21,78,82,4095,66,138,237,4095,144,272
67239,right,0,0,0,18,138,13,17,93,65,4095,65,134,222,4095,137,273
67318,right,0,0,0,16,144,0,16,108,34,4095,74,130,240,4095,143,272
67397,right,0,0,0,21,151,0,17,113,53,4095,67,119,221,4095,128,270
67476,right,0,0,0,46,176,7,29,131,18,4095,66,97,198,4095,101,247
67555,right,0,0,0,92,191,15,64,144,9,4095,69,59,174,4095,16,215
67634,right,0,0,0,160,215,45,118,160,0,793,0,0,0,4038,0,53
67713,right,0,0,0,193,240,30,112,165,0,304,0,0,0,919,0,0
67792,right,0,0,0,169,231,0,0,82,0,275,0,0,0,607,0,0
67871,right,0,0,0,43,176,0,0,0,0,48,0,0,0,511,0,0
67950,right,0,0,0,0,0,0,0,0,0,35,0,0,0,385,0,0
68029,right,0,0,0,0,0,0,0,0,0,78,0,0,0,393,0,0
68108,right,0,0,0,0,0,0,0,0,0,59,0,0,0,373,0,0
68187,right,0,0,0,0,0,0,0,0,0,31,0,0,0,359,0,0
68266,right,0,0,0,0,0,0,0,0,0,30,0,0,0,347,0,0
68345,right,0,0,0,0,0,0,0,0,0,30,0,0,0,317,0,0
68424,right,0,0,0,0,0,0,0,0,0,20,0,0,0,312,0,0
68503,right,0,0,0,0,0,0,0,0,0,16,0,0,0,297,0,0
68582,right,0,0,0,0,0,0,0,0,0,2,0,0,0,316,0,0
68661,right,0,0,0,0,0,0,0,0,0,0,0,0,0,233,0,103
68740,right,0,0,0,0,0,0,0,0,0,0,0,0,0,176,67,228
68819,right,0,0,0,0,0,0,0,0,0,17,0,16,13,657,101,239
68898,right,0,0,0,0,0,0,0,0,0,49,0,48,94,4095,116,262
68977,right,0,0,0,0,0,0,0,0,0,79,0,102,174,4095,139,271
69056,right,0,0,0,0,64,0,0,16,15,96,0,119,199,4095,142,272
69135,right,0,0,0,23,95,16,7,85,56,3954,66,130,226,4095,145,272
69214,right,0,0,0,38,153,34,29,103,80,4095,64,132,222,4095,137,265
69293,right,0,0,0,51,160,39,42,112,78,4095,63,118,213,4095,114,255
69372,right,0,0,0,91,174,70,78,126,80,4095,71,115,207,4095,86,243
69451,right,0,0,0,103,183,81,107,128,86,4095,64,114,203,4095,64,235
69530,right,0,0,0,117,194,91,119,138,97,4095,70,93,176,4095,26,208
69609,right,0,0,0,143,208,105,139,144,101,4095,64,55,134,4095,0,163
69688,right,0,0,11,179,223,126,142,155,89,4041,58,0,0,1488,0,65
69767,right,0,0,57,197,237,147,169,171,80,4016,56,0,0,806,0,0
69845,right,0,0,65,214,250,147,182,179,0,702,0,0,0,638,0,0
69924,right,0,0,0,215,253,31,87,139,0,272,0,0,0,507,0,0
70003,right,0,0,0,176,222,0,0,44,0,113,0,0,0,464,0,0
70082,right,0,0,0,0,57,0,0,0,0,66,0,0,0,353,0,0
70161,right,0,0,0,0,0,0,0,0,0,79,0,0,0,338,0,0
70240,right,0,0,0,0,0,0,0,0,0,65,0,0,0,359,0,0
70319,right,0,0,0,0,0,0,0,0,0,6,0,0,0,351,0,0
70398,right,0,0,0,0,0,0,0,0,0,28,0,0,0,336,0,0
70477,right,0,0,0,0,0,0,0,0,0,42,0,0,0,314,0,0
70556,right,0,0,0,0,0,0,0,0,0,42,0,0,0,318,0,0
70635,right,0,0,0,0,0,0,0,0,0,32,0,0,0,311,0,0
70714,right,0,0,0,0,0,0,0,0,0,13,0,0,0,314,0,0
70793,right,0,0,0,0,0,0,0,0,0,0,0,0,0,240,0,119
70872,right,0,0,0,0,0,0,0,0,0,0,0,0,0,234,96,235
70951,right,0,0,0,0,0,0,0,0,0,53,0,48,242,4071,128,265
71030,right,0,0,0,0,0,0,0,0,0,70,0,105,423,4095,151,272
71109,right,0,0,0,0,0,0,0,0,25,81,0,128,366,4095,163,279
71188,right,0,0,0,0,0,0,0,0,41,112,0,151,414,4095,195,288
71267,right,0,0,0,0,0,0,0,0,82,4019,67,171,566,4095,202,294
71346,right,0,0,0,0,0,11,0,0,137,4095,73,171,410,4095,194,291
71425,right,0,0,0,0,0,16,0,0,133,4095,71,170,418,4095,183,283
71504,right,0,0,0,0,0,15,0,0,130,4095,66,173,409,4095,186,286
71583,right,0,0,0,0,0,16,6,2,130,4095,64,164,418,4095,188,290
71662,right,0,0,0,0,48,17,20,34,96,4095,66,160,429,4095,161,283
71741,right,0,0,0,13,103,28,36,92,89,4095,58,140,411,4095,134,271
71820,right,0,0,0,85,170,73,102,125,95,4095,65,112,360,4095,52,234
71899,right,0,0,0,132,208,99,139,144,96,4095,64,30,262,4095,0,128
71978,right,0,0,16,195,229,144,175,163,72,4095,48,0,0,1195,0,0
72057,right,0,0,23,222,250,107,153,162,0,434,0,0,0,681,0,0
72136,right,0,0,0,207,240,0,16,85,0,206,0,0,0,577,0,0
72215,right,0,0,0,152,213,0,0,16,0,134,0,0,0,464,0,0
72294,right,0,0,0,1,55,0,0,0,0,55,0,0,0,395,0,0
72373,right,0,0,0,0,0,0,0,0,0,71,0,0,0,372,0,0
72452,right,0,0,0,0,0,0,0,0,0,80,0,0,0,357,0,0
72531,right,0,0,0,0,0,0,0,0,0,41,0,0,0,343,0,0
72610,right,0,0,0,0,0,0,0,0,0,28,0,0,0,341,0,0
72689,right,0,0,0,0,0,0,0,0,0,35,0,0,0,303,0,0
72768,right,0,0,0,0,0,0,0,0,0,42,0,0,0,321,0,0
72847,right,0,0,0,0,0,0,0,0,0,37,0,0,0,327,0,0
72926,right,0,0,0,0,0,0,0,0,0,25,0,0,0,302,0,0
73005,right,0,0,0,0,0,0,0,0,0,0,0,0,0,176,0,182
73084,right,0,0,0,0,0,0,0,0,0,0,0,0,318,480,126,258
73163,right,0,0,0,0,0,0,0,0,0,50,0,57,336,4095,149,271
73242,right,0,0,0,0,0,0,0,0,10,92,0,128,381,4095,162,282
73321,right,0,0,0,0,0,0,0,0,29,1744,49,141,415,4095,163,281
73400,right,0,0,0,0,48,0,0,32,40,4095,64,144,433,4095,164,283
73479,right,0,0,0,0,97,5,6,86,62,4095,61,142,447,4095,154,278
73558,right,0,0,0,19,139,21,25,109,64,4095,72,132,386,4095,136,265
73637,right,0,0,0,35,152,32,32,114,68,4095,62,132,468,4095,129,262
73716,right,0,0,0,43,159,29,42,125,75,4095,69,128,487,4095,125,259
73794,right,0,0,0,80,176,47,71,134,74,4095,64,111,384,4095,97,250
73873,right,0,0,0,99,186,48,80,143,64,4095,161,70,297,4095,48,227
73952,right,0,0,0,120,207,64,114,150,34,3955,59,0,161,4095,0,128
74031,right,0,0,0,171,219,79,133,160,0,415,0,0,0,1170,0,0
74110,right,0,0,0,170,224,0,50,91,0,274,0,0,0,607,0,0
74189,right,0,0,0,49,173,0,0,0,0,82,0,0,0,525,0,0
74268,right,0,0,0,0,0,0,0,0,0,48,0,0,0,423,0,0
74347,right,0,0,0,0,0,0,0,0,0,69,0,0,0,409,0,0
74426,right,0,0,0,0,0,0,0,0,0,69,0,0,0,390,0,0
74505,right,0,0,0,0,0,0,0,0,0,55,0,0,0,389,0,0
74584,right,0,0,0,0,0,0,0,0,0,48,0,0,0,353,0,0
74663,right,0,0,0,0,0,0,0,0,0,47,0,0,0,342,0,0
74742,right,0,0,0,0,0,0,0,0,0,36,0,0,0,325,0,0
74821,right,0,0,0,0,0,0,0,0,0,34,0,0,0,329,0,0
74900,right,0,0,0,0,0,0,0,0,0,12,0,0,0,321,0,0
74979,right,0,0,0,0,0,0,0,0,0,21,0,0,0,320,0,0
75058,right,0,0,0,0,0,0,0,0,0,29,0,0,0,291,0,0
75137,right,0,0,0,0,0,0,0,0,0,0,0,0,0,180,90,235
75216,right,0,0,0,0,0,0,0,0,0,0,0,0,304,874,135,259
75295,right,0,0,0,0,0,0,0,0,0,48,0,45,475,4095,141,266
75374,right,0,0,0,0,0,0,0,0,0,74,0,96,369,4095,144,266
75453,right,0,0,0,0,0,0,0,0,26,106,0,128,439,4095,157,273
75532,right,0,0,0,0,0,0,0,0,70,4095,64,150,479,4095,165,283
75611,right,0,0,0,0,53,1,0,27,81,4095,67,155,350,4095,171,282
75690,right,0,0,0,0,89,0,2,84,69,4095,76,144,314,4095,155,274
75769,right,0,0,0,0,101,0,16,98,66,4095,76,138,336,4095,144,273
75848,right,0,0,0,21,144,17,29,118,70,4095,68,133,336,4095,130,263
75927,right,0,0,0,76,176,37,73,133,80,4095,74,113,304,4095,74,241
76006,right,0,0,0,121,206,80,118,148,80,4095,67,49,213,4095,0,176
76085,right,0,0,1,169,219,97,146,180,71,4055,66,0,15,1535,0,66
76164,right,0,0,58,202,238,151,179,205,31,1287,28,0,0,816,0,0
76243,right,0,0,72,218,250,95,154,170,0,303,0,0,0,573,0,0
76322,right,0,0,0,185,224,0,3,57,0,171,0,0,0,464,0,0
76401,right,0,0,0,13,64,0,0,0,0,66,0,0,0,348,0,0
76480,right,0,0,0,0,0,0,0,0,0,100,0,0,0,374,0,0
76559,right,0,0,0,0,0,0,0,0,0,45,0,0,0,368,0,0
76638,right,0,0,0,0,0,0,0,0,0,48,0,0,0,364,0,0
76717,right,0,0,0,0,0,0,0,0,0,48,0,0,0,341,0,0
76796,right,0,0,0,0,0,0,0,0,0,32,0,0,0,356,0,0
76875,right,0,0,0,0,0,0,0,0,0,42,0,0,0,334,0,0
76954,right,0,0,0,0,0,0,0,0,0,30,0,0,0,320,0,0
77033,right,0,0,0,0,0,0,0,0,0,15,0,0,0,307,0,0
77112,right,0,0,0,0,0,0,0,0,0,0,0,0,0,241,0,113
77191,right,0,0,0,0,0,0,0,0,0,0,0,0,0,208,48,208
77270,right,0,0,0,0,0,0,0,0,0,29,0,0,448,624,57,218
77349,right,0,0,0,0,0,0,0,11,0,47,0,2,368,4095,61,234
77428,right,0,0,0,0,90,0,0,62,0,60,0,64,178,4095,99,245
77507,right,0,0,0,0,107,0,0,90,0,113,0,102,429,4095,130,262
77586,right,0,0,0,0,127,0,10,103,19,4095,79,119,432,4095,144,272
77665,right,0,0,0,26,158,10,23,122,27,4095,71,118,327,4095,127,260
77744,right,0,0,0,46,175,11,30,134,18,4095,64,91,400,4095,80,246
77823,right,0,0,0,87,185,32,70,142,26,4095,62,80,373,4095,48,230
77902,right,0,0,0,111,207,38,87,155,41,4095,64,48,334,4095,0,207
77981,right,0,0,0,128,211,46,119,186,0,3967,59,0,178,4095,0,159
78060,right,0,0,0,176,229,79,144,200,0,484,0,0,0,1586,0,29
78139,right,0,0,0,194,241,52,144,179,0,286,0,0,0,741,0,0
78218,right,0,0,0,167,234,0,21,115,0,256,0,0,0,525,0,0
78297,right,0,0,0,46,194,0,0,32,0,9,0,0,0,462,0,0
78376,right,0,0,0,0,0,0,0,0,0,45,0,0,0,384,0,0
78455,right,0,0,0,0,0,0,0,0,0,32,0,0,0,366,0,0
78534,right,0,0,0,0,0,0,0,0,0,35,0,0,0,355,0,0
78613,right,0,0,0,0,0,0,0,0,0,45,0,0,0,350,0,0
78692,right,0,0,0,0,0,0,0,0,0,22,0,0,0,319,0,0
78771,right,0,0,0,0,0,0,0,0,0,23,0,0,0,321,0,0
78850,right,0,0,0,0,0,0,0,0,0,16,0,0,0,323,0,0
78929,right,0,0,0,0,0,0,0,0,0,16,0,0,0,314,0,0
79008,right,0,0,0,0,0,0,0,0,0,16,0,0,0,309,0,0
79087,right,0,0,0,0,0,0,0,0,0,0,0,0,0,203,0,110
79166,right,0,0,0,0,0,0,0,0,0,0,0,0,0,222,39,210
79245,right,0,0,0,0,0,0,0,0,0,16,0,0,220,470,43,219
79324,right,0,0,0,0,0,0,0,0,0,34,0,23,301,4095,96,245
79403,right,0,0,0,0,51,0,0,15,0,89,0,99,410,4095,124,262
79482,right,0,0,0,0,80,0,0,29,34,144,0,139,406,4095,144,273
79561,right,0,0,0,18,99,31,16,64,97,4095,70,153,400,4095,144,272
79640,right,0,0,0,38,138,66,39,89,102,4095,66,145,406,4095,127,267
79719,right,0,0,0,49,154,70,48,93,99,4095,69,142,411,4095,112,255
79798,right,0,0,0,82,159,80,76,110,110,4095,70,135,385,4095,95,250
79877,right,0,0,0,112,178,90,112,128,110,4095,69,117,415,4095,33,221
79956,right,0,0,0,138,208,100,133,143,107,4095,66,66,220,4095,0,163
80034,right,0,0,3,172,218,109,148,155,85,4069,55,0,80,4014,0,78
80113,right,0,0,66,197,237,144,162,162,83,3981,157,0,0,1013,0,0
80192,right,0,0,103,224,253,155,183,176,7,500,0,0,0,639,0,0
80271,right,0,0,85,225,249,50,111,140,0,230,0,0,0,526,0,0
80350,right,0,0,0,198,242,0,7,81,0,143,0,0,0,451,0,0
80429,right,0,0,0,80,197,0,0,0,0,101,0,0,0,400,0,0
80508,right,0,0,0,0,0,0,0,0,0,0,0,0,0,325,0,0
80587,right,0,0,0,0,0,0,0,0,0,80,0,0,0,351,0,0
80666,right,0,0,0,0,0,0,0,0,0,59,0,0,0,345,0,0
80745,right,0,0,0,0,0,0,0,0,0,34,0,0,0,340,0,0
80824,right,0,0,0,0,0,0,0,0,0,44,0,0,0,313,0,0
80903,right,0,0,0,0,0,0,0,0,0,35,0,0,0,299,0,0
80982,right,0,0,0,0,0,0,0,0,0,34,0,0,0,307,0,0
81061,right,0,0,0,0,0,0,0,0,0,31,0,0,0,305,0,0
81140,right,0,0,0,0,0,0,0,0,0,16,0,0,0,302,0,0
81219,right,0,0,0,0,0,0,0,0,0,21,0,0,0,300,0,0
81298,right,0,0,0,0,0,0,0,0,0,0,0,0,0,273,0,0
81377,right,0,0,0,0,0,0,0,0,0,0,0,0,0,123,0,201
81456,right,0,0,0,0,0,0,0,0,0,31,0,46,411,4074,109,246
81535,right,0,0,0,0,0,0,0,0,18,85,0,116,479,4095,135,261
81614,right,0,0,0,0,0,0,0,0,62,119,0,146,496,4095,161,272
81693,right,0,0,0,0,0,0,0,0,80,4095,64,164,545,4095,191,285
81772,right,0,0,0,0,0,0,0,6,83,4095,64,167,418,4095,197,287
81851,right,0,0,0,0,0,0,0,12,76,4095,62,161,406,4095,198,288
81930,right,0,0,0,0,0,0,0,16,51,4095,58,162,432,4095,199,290
82009,right,0,0,0,0,5,0,0,20,73,4095,67,164,424,4095,192,288
82088,right,0,0,0,0,46,0,15,58,80,4095,64,156,425,4095,167,285
82167,right,0,0,0,0,102,19,34,96,82,4095,62,144,419,4095,145,272
82246,right,0,0,0,62,166,50,106,128,98,4095,64,116,376,4095,74,238
82325,right,0,0,0,124,208,101,144,151,84,4073,65,0,80,2095,0,66
82404,right,0,0,16,203,240,142,176,173,0,630,0,0,0,850,0,0
82483,right,0,0,3,182,239,26,68,95,0,289,0,0,0,595,0,0