62915,right,0,0,0,0,0,0,0,0,0,14,0,0,118,136,4095,107,265
62994,right,0,0,0,0,0,0,0,0,0,16,0,0,123,138,4095,110,260
63073,right,0,0,0,0,0,0,0,0,0,17,0,0,123,140,4095,99,267
63152,right,0,0,0,0,0,0,0,0,0,16,0,0,121,141,4095,109,263
63231,right,0,0,0,0,0,0,0,0,0,28,0,0,122,138,4095,113,268
63310,right,0,0,0,0,0,0,0,0,0,23,0,0,122,143,4095,114,269
63389,right,0,0,0,0,0,0,0,0,0,14,0,0,123,137,4095,112,267
63468,right,0,0,0,0,0,0,0,0,0,16,0,0,121,137,4095,117,271
63547,right,0,0,0,0,0,0,0,0,0,16,0,0,123,143,4095,118,272
63626,right,0,0,0,0,0,0,0,0,0,16,11,0,121,141,4095,124,271
63705,right,0,0,0,0,0,0,0,0,0,16,20,0,116,141,4095,126,271
63784,right,0,0,0,0,0,0,0,0,0,2,2,0,122,143,4095,128,270
63863,right,0,0,0,0,0,0,0,0,0,17,0,0,128,144,4095,127,270
63942,right,0,0,0,0,0,0,0,0,0,16,0,0,125,140,4095,131,272
64021,right,0,0,0,0,0,0,0,0,0,18,0,0,124,141,4095,130,273
64100,right,0,0,0,0,0,0,0,0,0,16,0,0,125,141,4095,130,270
64179,right,0,0,0,0,0,0,0,0,0,11,0,0,118,143,4095,121,268
64258,right,0,0,0,0,0,0,0,0,0,13,0,0,119,135,4095,117,272
64337,right,0,0,0,0,0,0,0,0,0,9,0,0,119,133,4095,122,270
64416,right,0,0,0,0,0,0,0,0,0,11,0,0,118,133,4095,123,272
64495,right,0,0,0,0,0,0,0,0,0,12,0,0,121,138,4095,128,268
64574,right,0,0,0,0,0,0,0,0,0,16,0,0,114,138,4095,115,272
64653,right,0,0,0,0,0,0,0,0,0,15,0,0,121,135,4095,119,269
64732,right,0,0,0,0,0,0,0,0,0,14,0,0,117,138,4095,124,272
64811,right,0,0,0,0,0,0,0,0,0,13,0,0,121,139,4095,122,268
64890,right,0,0,0,0,0,0,0,0,0,15,0,0,115,140,4095,119,269
64969,right,0,0,0,0,0,0,0,0,0,0,0,0,120,131,4095,118,271
65048,right,0,0,0,0,0,0,0,0,0,0,0,0,113,135,4095,118,269
65127,right,0,0,0,0,0,0,0,0,0,3,0,0,113,135,4095,120,271
65206,right,0,0,0,0,0,0,0,0,0,0,0,0,114,137,4095,117,272
65285,right,0,0,0,0,0,0,0,0,0,0,0,0,116,139,4095,123,270
65364,right,0,0,0,0,0,0,0,0,0,0,0,0,112,134,4095,123,272
65443,right,0,0,0,0,0,0,0,0,0,0,0,0,102,130,4095,118,270
65521,right,0,0,0,0,0,0,0,0,0,0,0,0,95,124,4095,122,271
65600,right,0,0,0,0,0,0,0,0,0,0,0,0,93,129,4095,125,269
65679,right,0,0,0,0,0,0,0,0,0,0,0,0,109,129,4095,117,270
65758,right,0,0,0,0,0,0,0,0,0,0,0,0,112,138,4095,115,267
65837,right,0,0,0,0,0,0,0,0,0,0,0,0,111,138,4095,112,265
65916,right,0,0,0,0,0,0,0,0,0,1,0,0,112,134,4095,112,267
65995,right,0,0,0,0,0,0,0,0,0,1,0,0,114,133,4095,111,266
66074,right,0,0,0,0,0,0,0,0,0,1,0,0,113,131,4095,112,272
66153,right,0,0,0,0,0,0,0,0,0,1,0,0,112,133,4095,112,267
66232,right,0,0,0,0,0,0,0,0,0,3,0,0,113,133,4095,112,269
66311,right,0,0,0,0,0,0,0,0,0,1,0,0,117,135,4095,113,270
66390,right,0,0,0,0,0,0,0,0,0,6,0,0,117,142,4095,117,269
66469,right,0,0,0,0,0,0,0,0,0,3,0,0,116,134,4095,116,270
66548,right,0,0,0,0,0,0,0,0,0,2,0,0,114,135,4095,114,271
66627,right,0,0,0,0,0,0,0,0,0,1,0,0,122,138,4095,113,272
66706,right,0,0,0,0,0,0,0,0,0,0,0,0,115,138,4095,119,271
66785,right,0,0,0,0,0,0,0,0,0,5,0,0,113,137,4095,117,268
66864,right,0,0,0,0,0,0,0,0,0,6,0,0,116,139,4095,123,270
66943,right,0,0,0,0,0,0,0,0,0,14,0,0,123,140,4095,123,271
67022,right,0,0,0,0,0,0,0,0,0,18,0,0,123,134,4095,120,271
67101,right,0,0,0,0,0,0,0,0,0,14,0,0,117,142,4095,126,271
67180,right,0,0,0,0,0,0,0,0,0,16,0,0,122,138,4095,127,271
67259,right,0,0,0,0,0,0,0,0,0,19,0,0,116,142,4095,123,272
67338,right,0,0,0,0,0,0,0,0,0,15,0,0,123,138,4095,128,275
67417,right,0,0,0,0,0,0,0,0,0,16,0,0,118,142,4095,125,272
67496,right,0,0,0,0,0,0,0,0,0,16,0,0,123,144,4095,124,272
67575,right,0,0,0,0,0,0,0,0,0,16,0,0,122,143,4095,130,271
67654,right,0,0,0,0,0,0,0,0,0,12,0,0,124,142,4095,122,272
67733,right,0,0,0,0,0,0,0,0,0,11,0,0,123,137,4095,123,267
67812,right,0,0,0,0,0,0,0,0,0,14,0,0,121,140,4095,128,265
67891,right,0,0,0,0,0,0,0,0,0,2,0,0,118,143,4095,126,270
67970,right,0,0,0,0,0,0,0,0,0,13,0,0,122,140,4095,128,270
68049,right,0,0,0,0,0,0,0,0,0,11,0,0,125,137,4095,121,272
68128,right,0,0,0,0,0,0,0,0,0,16,0,0,125,138,4095,123,267
68207,right,0,0,0,0,0,0,0,0,0,16,0,0,119,141,4095,126,269
68286,right,0,0,0,0,0,0,0,0,0,18,0,0,126,146,4095,128,270
68365,right,0,0,0,0,0,0,0,0,0,16,0,0,124,138,4095,120,272
68444,right,0,0,0,0,0,0,0,0,0,10,0,0,122,139,4095,121,271
68523,right,0,0,0,0,0,0,0,0,0,17,0,0,122,138,4095,119,269
68602,right,0,0,0,0,0,0,0,0,0,17,0,0,119,141,4095,112,266
68681,right,0,0,0,0,0,0,0,0,0,23,0,0,122,144,4095,106,263
68760,right,0,0,0,0,0,0,0,0,0,22,0,0,130,140,4095,102,258
68839,right,0,0,0,0,0,0,0,0,0,22,0,0,122,130,4095,102,260
68918,right,0,0,0,0,0,0,0,0,0,22,0,0,122,142,4095,103,261
68997,right,0,0,0,0,0,0,0,0,0,26,0,0,122,142,4095,112,260
69076,right,0,0,0,0,0,0,0,0,0,23,0,0,123,141,4095,112,263
69155,right,0,0,0,0,0,0,0,0,0,27,0,0,121,142,4095,112,271
69234,right,0,0,0,0,0,0,0,0,0,21,0,0,126,143,4095,111,266
69313,right,0,0,0,0,0,0,0,0,0,37,0,0,125,142,4095,111,262
69392,right,0,0,0,0,0,0,0,0,0,27,0,0,122,143,4095,112,261
69470,right,0,0,0,0,0,0,0,0,0,22,0,0,126,143,4095,114,261
69549,right,0,0,0,0,0,0,0,0,0,16,0,0,117,142,4095,111,267
69628,right,0,0,0,0,0,0,0,0,0,22,0,0,126,143,4095,112,269
69707,right,0,0,0,0,0,0,0,0,0,27,0,0,114,142,4095,112,267
69786,right,0,0,0,0,0,0,0,0,0,19,0,0,125,145,4095,112,257
69865,right,0,0,0,0,0,0,0,0,0,21,0,0,127,143,4095,112,269
69944,right,0,0,0,0,0,0,0,0,0,16,0,0,125,144,4095,112,267
70023,right,0,0,0,0,0,0,0,0,0,19,0,0,125,143,4095,115,270
70102,right,0,0,0,0,0,0,0,0,0,19,0,0,123,144,4095,117,269
70181,right,0,0,0,0,0,0,0,0,0,14,0,0,123,140,4095,119,267
70260,right,0,0,0,0,0,0,0,0,0,13,0,0,124,141,4095,118,270
70339,right,0,0,0,0,0,0,0,0,0,17,0,0,125,138,4095,119,272
70418,right,0,0,0,0,0,0,0,0,0,7,0,0,118,139,4095,113,269
70497,right,0,0,0,0,0,0,0,0,0,16,0,0,126,144,4095,119,270
70576,right,0,0,0,0,0,0,0,0,0,16,0,0,123,142,4095,117,272
70655,right,0,0,0,0,0,0,0,0,0,17,0,0,122,144,4095,120,262
70734,right,0,0,0,0,0,0,0,0,0,20,0,0,121,144,4095,119,272
70813,right,0,0,0,0,0,0,0,0,0,17,0,0,122,142,4095,118,269
70892,right,0,0,0,0,0,0,0,0,0,15,0,0,112,144,4095,114,270
70971,right,0,0,0,0,0,0,0,0,0,16,0,0,123,144,4095,118,270
71050,right,0,0,0,0,0,0,0,0,0,18,0,0,128,142,4095,123,269
71129,right,0,0,0,0,0,0,0,0,0,17,0,0,122,144,4095,119,267
71208,right,0,0,0,0,0,0,0,0,0,16,0,0,119,144,4095,125,270
71287,right,0,0,0,0,0,0,0,0,0,16,0,0,128,144,4095,127,272
71366,right,0,0,0,0,0,0,0,0,0,6,0,0,125,143,4095,127,271
71445,right,0,0,0,0,0,0,0,0,0,18,0,0,125,145,4095,128,272
71524,right,0,0,0,0,0,0,0,0,0,16,0,0,125,142,4095,127,272
71603,right,0,0,0,0,0,0,0,0,0,16,0,0,122,146,4095,123,270
71682,right,0,0,0,0,0,0,0,0,0,17,0,0,123,144,4095,121,272
71761,right,0,0,0,0,0,0,0,0,0,24,0,0,124,144,4095,119,272
71840,right,0,0,0,0,0,0,0,0,0,19,0,0,123,140,4095,124,265
71919,right,0,0,0,0,0,0,0,0,0,18,0,0,123,144,4095,122,269
71998,right,0,0,0,0,0,0,0,0,0,23,0,0,123,143,4095,113,265
72077,right,0,0,0,0,0,0,0,0,0,21,0,0,129,144,4095,115,275
72156,right,0,0,0,0,0,0,0,0,0,24,0,0,119,144,4095,118,270
72235,right,0,0,0,0,0,0,0,0,0,19,0,0,127,144,4095,119,272
72314,right,0,0,0,0,0,0,0,0,0,6,0,0,127,141,4095,119,269
72393,right,0,0,0,0,0,0,0,0,0,21,0,0,122,144,4095,123,271
72472,right,0,0,0,0,0,0,0,0,0,21,0,0,121,142,4095,125,270
72551,right,0,0,0,0,0,0,0,0,0,17,0,0,123,144,4095,127,271
72630,right,0,0,0,0,0,0,0,0,0,23,0,0,124,144,4095,126,271
72709,right,0,0,0,0,0,0,0,0,0,18,0,0,128,143,4095,124,266
72788,right,0,0,0,0,0,0,0,0,0,17,0,0,126,145,4095,123,270
72867,right,0,0,0,0,0,0,0,0,0,16,0,0,123,142,4095,123,269
72946,right,0,0,0,0,0,0,0,0,0,17,0,0,126,144,4095,121,266
73025,right,0,0,0,0,0,0,0,0,0,18,0,0,123,144,4095,128,270
73104,right,0,0,0,0,0,0,0,0,0,20,0,0,129,141,4095,126,272
73183,right,0,0,0,0,0,0,0,0,0,19,0,0,128,147,4095,128,272
73262,right,0,0,0,0,0,0,0,0,0,22,0,0,122,144,4095,115,272
73341,right,0,0,0,0,0,0,0,0,0,23,0,0,124,146,4095,128,266
73419,right,0,0,0,0,0,0,0,0,0,22,0,0,129,145,4095,134,271
73498,right,0,0,0,0,0,0,0,0,0,23,0,0,128,149,4095,135,273
73577,right,0,0,0,0,0,0,0,0,0,26,0,0,128,146,4095,131,272
73656,right,0,0,0,0,0,0,0,0,0,23,0,0,130,150,4095,134,272
73735,right,0,0,0,0,0,0,0,0,0,27,0,0,128,145,4095,129,272
73814,right,0,0,0,0,0,0,0,0,0,27,0,0,131,144,4095,134,274
73893,right,0,0,0,0,0,0,0,0,0,19,0,0,129,148,4095,134,272
73972,right,0,0,0,0,0,0,0,0,0,28,0,0,125,146,4095,130,272
74051,right,0,0,0,0,0,0,0,0,0,27,0,0,128,145,4095,135,271
74130,right,0,0,0,0,0,0,0,0,0,29,0,0,127,145,4095,137,272
74209,right,0,0,0,0,0,0,0,0,0,17,0,0,128,144,4095,129,270
74288,right,0,0,0,0,0,0,0,0,0,16,0,0,125,145,4095,130,283
74367,right,0,0,0,0,0,0,0,0,0,20,0,0,128,149,4095,128,270
74446,right,0,0,0,0,0,0,0,0,0,18,0,0,124,149,4095,130,272
74525,right,0,0,0,0,0,0,0,0,0,17,0,0,125,142,4095,130,271
74604,right,0,0,0,0,0,0,0,0,0,17,0,0,128,147,4095,130,271
74683,right,0,0,0,0,0,0,0,0,0,17,0,0,131,143,4095,122,272
74762,right,0,0,0,0,0,0,0,0,0,18,0,0,126,144,4095,134,272
74841,right,0,0,0,0,0,0,0,0,0,23,0,0,129,149,4095,130,272
74920,right,0,0,0,0,0,0,0,0,0,21,0,0,129,146,4095,112,271
74999,right,0,0,0,0,0,0,0,0,0,18,0,0,128,145,4095,130,268
75078,right,0,0,0,0,0,0,0,0,0,20,0,0,138,144,4095,130,272
75157,right,0,0,0,0,0,0,0,0,0,19,0,0,131,146,4095,129,272
75236,right,0,0,0,0,0,0,0,0,0,22,0,0,131,148,4095,130,272
75315,right,0,0,0,0,0,0,0,0,0,18,0,0,129,149,4095,132,270
75394,right,0,0,0,0,0,0,0,0,0,22,0,0,129,144,4095,127,271
75473,right,0,0,0,0,0,0,0,0,0,26,0,0,128,144,4095,129,271
75552,right,0,0,0,0,0,0,0,0,0,16,0,0,128,145,4095,129,271
75631,right,0,0,0,0,0,0,0,0,0,16,0,0,126,145,4095,130,272
75710,right,0,0,0,0,0,0,0,0,0,17,0,0,128,145,4095,132,272
75789,right,0,0,0,0,0,0,0,0,0,11,0,0,123,148,4095,131,272
75868,right,0,0,0,0,0,0,0,0,0,18,0,0,127,144,4095,128,272
75947,right,0,0,0,0,0,0,0,0,0,18,0,0,127,145,4095,128,267
76026,right,0,0,0,0,0,0,0,0,0,19,0,0,128,146,4095,128,270
76105,right,0,0,0,0,0,0,0,0,0,19,0,0,125,144,4095,127,272
76184,right,0,0,0,0,0,0,0,0,0,16,0,0,128,147,4095,128,272
76263,right,0,0,0,0,0,0,0,0,0,19,0,0,125,147,4095,129,273
76342,right,0,0,0,0,0,0,0,0,0,22,0,0,128,143,4095,133,273
76421,right,0,0,0,0,0,0,0,0,0,10,0,0,125,144,4095,130,272
76500,right,0,0,0,0,0,0,0,0,0,18,0,0,128,148,4095,130,272
76579,right,0,0,0,0,0,0,0,0,0,22,0,0,128,144,4095,128,270
76658,right,0,0,0,0,0,0,0,0,0,19,0,0,132,144,4095,129,272
76737,right,0,0,0,0,0,0,0,0,0,22,0,0,129,146,4095,129,272
76816,right,0,0,0,0,0,0,0,0,0,16,0,0,125,147,4095,128,272
76895,right,0,0,0,0,0,0,0,0,0,18,0,0,127,150,4095,128,272
76974,right,0,0,0,0,0,0,0,0,0,23,0,0,127,145,4095,130,271
77053,right,0,0,0,0,0,0,0,0,0,29,0,0,142,144,4095,128,289
77132,right,0,0,0,0,0,0,0,0,0,17,0,0,128,144,4095,128,272
77211,right,0,0,0,0,0,0,0,0,0,16,0,0,128,144,4095,129,272
77290,right,0,0,0,0,0,0,0,0,0,21,0,0,128,146,4095,125,267
77369,right,0,0,0,0,0,0,0,0,0,28,0,0,129,145,4095,125,270
77448,right,0,0,0,0,0,0,0,0,0,27,0,0,126,144,4095,123,278
77527,right,0,0,0,0,0,0,0,0,0,22,0,0,126,144,4095,124,272
77606,right,0,0,0,0,0,0,0,0,0,23,0,0,129,144,4095,122,273
77685,right,0,0,0,0,0,0,0,0,0,30,0,0,125,144,4095,121,272
77764,right,0,0,0,0,0,0,0,0,0,25,0,0,129,148,4095,119,272
77843,right,0,0,0,0,0,0,0,0,0,26,0,0,128,144,4095,122,267
77922,right,0,0,0,0,0,0,0,0,0,29,0,0,144,130,4095,117,271
78001,right,0,0,0,0,0,0,0,0,0,26,0,0,126,144,4095,117,269
78080,right,0,0,0,0,0,0,0,0,0,15,0,0,123,144,4095,115,268
78159,right,0,0,0,0,0,0,0,0,0,26,0,0,127,146,4095,117,270
78238,right,0,0,0,0,0,0,0,0,0,26,0,0,129,144,4095,115,272
78317,right,0,0,0,0,0,0,0,0,0,26,0,0,117,142,4095,112,270
78396,right,0,0,0,0,0,0,0,0,0,24,0,0,132,142,4095,117,269
78475,right,0,0,0,0,0,0,0,0,0,30,0,0,128,148,4095,117,271
78554,right,0,0,0,0,0,0,0,0,0,25,0,0,128,144,4095,117,270
78633,right,0,0,0,0,0,0,0,0,0,31,0,0,128,144,4095,115,272
78712,right,0,0,0,0,0,0,0,0,0,28,0,0,132,145,4095,118,272
78791,right,0,0,0,0,0,0,0,0,0,27,0,0,129,144,4095,121,271
78870,right,0,0,0,0,0,0,0,0,0,31,0,0,128,146,4095,112,271
78949,right,0,0,0,0,0,0,0,0,0,27,0,0,126,144,4095,112,272
79028,right,0,0,0,0,0,0,0,0,0,31,0,0,123,144,4095,117,267
79107,right,0,0,0,0,0,0,0,0,0,19,0,0,127,147,4095,118,270
79186,right,0,0,0,0,0,0,0,0,0,30,0,0,114,143,4095,116,271
79265,right,0,0,0,0,0,0,0,0,0,21,0,0,127,147,4095,115,272
79344,right,0,0,0,0,0,0,0,0,0,27,0,0,128,144,4095,124,271
79423,right,0,0,0,0,0,0,0,0,0,27,0,0,126,149,4095,118,270
79502,right,0,0,0,0,0,0,0,0,0,22,0,0,124,146,4095,117,272
79581,right,0,0,0,0,0,0,0,0,0,31,0,0,128,146,4095,122,267
79659,right,0,0,0,0,0,0,0,0,0,25,0,0,126,144,4095,118,271
79738,right,0,0,0,0,0,0,0,0,0,16,0,0,102,145,4095,119,270
79817,right,0,0,0,0,0,0,0,0,0,16,0,0,125,144,4095,122,275
79896,right,0,0,0,0,0,0,0,0,0,32,0,0,130,144,4095,126,270
79975,right,0,0,0,0,0,0,0,0,0,29,0,0,129,144,4095,128,269
80054,right,0,0,0,0,0,0,0,0,0,23,0,0,114,148,4095,121,270
80133,right,0,0,0,0,0,0,0,0,0,20,0,0,126,150,4095,129,271
80212,right,0,0,0,0,0,0,0,0,0,22,1,0,133,145,4095,128,272
80291,right,0,0,0,0,0,0,0,0,0,26,0,0,128,144,4095,129,271
80370,right,0,0,0,0,0,0,0,0,0,42,0,0,128,144,4095,128,271
80449,right,0,0,0,0,0,0,0,0,0,23,0,0,128,147,4095,127,270
80528,right,0,0,0,0,0,0,0,0,0,21,0,0,128,147,4095,125,272
80607,right,0,0,0,0,0,0,0,0,0,24,0,0,126,146,4095,118,272
80686,right,0,0,0,0,0,0,0,0,0,26,0,0,130,146,4095,125,272
80765,right,0,0,0,0,0,0,0,0,0,30,0,0,127,146,4095,123,270
80844,right,0,0,0,0,0,0,0,0,0,27,0,0,126,153,4095,125,271
80923,right,0,0,0,0,0,0,0,0,0,33,0,0,143,146,4095,131,273
81002,right,0,0,0,0,0,0,0,0,0,27,0,0,128,150,4095,115,273
81081,right,0,0,0,0,0,0,0,0,0,27,0,0,125,144,4095,127,274
81160,right,0,0,0,0,0,0,0,0,0,27,0,0,128,145,4095,128,271
81239,right,0,0,0,0,0,0,0,0,0,27,0,0,126,144,4095,130,266
81318,right,0,0,0,0,0,0,0,0,0,25,0,0,130,146,4095,122,271
81397,right,0,0,0,0,0,0,0,0,0,29,0,0,125,146,4095,121,269
81476,right,0,0,0,0,0,0,0,0,0,32,0,0,128,159,4095,126,272
81555,right,0,0,0,0,0,0,0,0,0,24,0,0,126,144,4095,123,270
81634,right,0,0,0,0,0,0,0,0,0,32,0,0,125,144,4095,117,271
81713,right,0,0,0,0,0,0,0,0,0,27,0,0,127,144,4095,119,272
81792,right,0,0,0,0,0,0,0,0,0,29,0,0,128,144,4095,122,272
81871,right,0,0,0,0,0,0,0,0,0,17,0,0,123,144,4095,122,271
81950,right,0,0,0,0,0,0,0,0,0,25,0,0,128,144,4095,119,272
82029,right,0,0,0,0,0,0,0,0,0,29,0,0,124,144,4095,121,275
82108,right,0,0,0,0,0,0,0,0,0,21,0,0,127,142,4095,124,272
82187,right,0,0,0,0,0,0,0,0,0,23,0,0,122,144,4095,119,265
82266,right,0,0,0,0,0,0,0,0,0,20,0,0,127,148,4095,117,263
82345,right,0,0,0,0,0,0,0,0,0,16,0,0,125,144,4095,122,272
82424,right,0,0,0,0,0,0,0,0,0,25,0,0,124,146,4095,121,272
82503,right,0,0,0,0,0,0,0,0,0,19,0,0,124,145,4095,126,272
82582,right,0,0,0,0,0,0,0,0,0,23,0,0,128,145,4095,121,268
82661,right,0,0,0,0,0,0,0,0,0,27,0,0,121,146,4095,123,272
82740,right,0,0,0,0,0,0,0,0,0,24,0,0,123,146,4095,125,270
82819,right,0,0,0,0,0,0,0,0,0,23,0,0,129,146,4095,126,272
82898,right,0,0,0,0,0,0,0,0,0,22,0,0,128,144,4095,121,271
82977,right,0,0,0,0,0,0,0,0,0,18,0,0,129,146,4095,126,272
83056,right,0,0,0,0,0,0,0,0,0,16,0,0,119,145,4095,128,272
83135,right,0,0,0,0,0,0,0,0,0,27,0,0,124,149,4095,128,272
83214,right,0,0,0,0,0,0,0,0,0,23,0,0,117,153,4095,128,272
83293,right,0,0,0,0,0,0,0,0,0,18,0,0,128,147,4095,128,272
83372,right,0,0,0,0,0,0,0,0,0,28,0,0,123,146,4095,126,269
83451,right,0,0,0,0,0,0,0,0,0,30,0,0,128,150,4095,129,272
83530,right,0,0,0,0,0,0,0,0,0,23,0,0,128,147,4095,129,270
83608,right,0,0,0,0,0,0,0,0,0,26,0,0,128,148,4095,128,269
83687,right,0,0,0,0,0,0,0,0,0,27,0,0,128,144,4095,130,271
83766,right,0,0,0,0,0,0,0,0,0,32,0,0,126,145,4095,130,270
83845,right,0,0,0,0,0,0,0,0,0,32,0,0,129,145,4095,129,273
83924,right,0,0,0,0,0,0,0,0,0,27,0,0,126,144,4095,124,263
84003,right,0,0,0,0,0,0,0,0,0,25,0,0,131,144,4095,127,272
84082,right,0,0,0,0,0,0,0,0,0,19,0,0,128,145,4095,133,272
84161,right,0,0,0,0,0,0,0,0,0,25,0,0,128,149,4095,128,272
84240,right,0,0,0,0,0,0,0,0,0,25,0,0,130,148,4095,127,272
84319,right,0,0,0,0,0,0,0,0,0,27,0,0,125,149,4095,121,266
84398,right,0,0,0,0,0,0,0,0,0,25,0,0,126,144,4095,131,268
84477,right,0,0,0,0,0,0,0,0,0,19,0,0,131,145,4095,129,272
84556,right,0,0,0,0,0,0,0,0,0,31,0,0,128,144,4095,122,270
84635,right,0,0,0,0,0,0,0,0,0,31,0,0,128,149,4095,129,270
84714,right,0,0,0,0,0,0,0,0,0,25,0,0,133,144,4095,129,271
84793,right,0,0,0,0,0,0,0,0,0,23,0,0,133,146,4095,129,267
84872,right,0,0,0,0,0,0,0,0,0,19,0,0,144,146,4095,130,272
84951,right,0,0,0,0,0,0,0,0,0,23,0,0,123,144,4095,128,272
85030,right,0,0,0,0,0,0,0,0,0,23,0,0,128,149,4095,132,271
85109,right,0,0,0,0,0,0,0,0,0,30,0,0,127,153,4095,129,274
85188,right,0,0,0,0,0,0,0,0,0,29,0,0,128,154,4095,128,272
85267,right,0,0,0,0,0,0,0,0,0,22,0,0,133,156,4095,131,263
85346,right,0,0,0,0,0,0,0,0,0,24,0,0,127,149,4095,129,272
85425,right,0,0,0,0,0,0,0,0,0,29,0,0,128,145,4095,128,272
85504,right,0,0,0,0,0,0,0,0,0,32,0,0,128,145,4095,126,272
85583,right,0,0,0,0,0,0,0,0,0,27,0,0,125,144,4095,142,272
85662,right,0,0,0,0,0,0,0,0,0,24,0,0,128,145,4095,128,272
85741,right,0,0,0,0,0,0,0,0,0,23,0,0,126,154,4095,125,272
85820,right,0,0,0,0,0,0,0,0,0,27,0,0,128,157,4095,122,272
85899,right,0,0,0,0,0,0,0,0,0,22,0,0,128,162,4095,123,272
85978,right,0,0,0,0,0,0,0,0,0,33,0,0,129,158,4095,118,281
86057,right,0,0,0,0,0,0,0,0,0,25,0,0,133,150,4095,119,272
86136,right,0,0,0,0,0,0,0,0,0,23,0,0,126,153,4095,119,247
86215,right,0,0,0,0,0,0,0,0,0,30,0,0,128,148,4095,121,271
86294,right,0,0,0,0,0,0,0,0,0,31,0,0,135,154,4095,122,268
86373,right,0,0,0,0,0,0,0,0,0,25,0,0,129,151,4095,123,273
86452,right,0,0,0,0,0,0,0,0,0,35,0,0,128,154,4095,118,269
86531,right,0,0,0,0,0,0,0,0,0,26,0,0,131,154,4095,122,272
86610,right,0,0,0,0,0,0,0,0,0,25,0,0,127,151,4095,122,270
86689,right,0,0,0,0,0,0,0,0,0,23,0,0,129,147,4095,128,270
86768,right,0,0,0,0,0,0,0,0,0,33,0,0,128,149,4095,124,270
86847,right,0,0,0,0,0,0,0,0,0,23,0,0,131,153,4095,125,263
86926,right,0,0,0,0,0,0,0,0,0,29,0,0,128,145,4095,126,269
87005,right,0,0,0,0,0,0,0,0,0,27,0,0,128,144,4095,123,270
87084,right,0,0,0,0,0,0,0,0,0,31,0,0,127,147,4095,125,272
87163,right,0,0,0,0,0,0,0,0,0,31,0,0,127,151,4095,123,271
87242,right,0,0,0,0,0,0,0,0,0,28,0,0,132,144,4095,128,272
87321,right,0,0,0,0,0,0,0,0,0,27,0,0,129,153,4095,128,269
87400,right,0,0,0,0,0,0,0,0,0,32,0,0,129,148,4095,128,272
87479,right,0,0,0,0,0,0,0,0,0,29,0,0,130,146,4095,129,263
87558,right,0,0,0,0,0,0,0,0,0,30,0,0,128,147,4095,128,272
87637,right,0,0,0,0,0,0,0,0,0,26,0,0,128,148,4095,129,272
87716,right,0,0,0,0,0,0,0,0,0,25,0,0,128,149,4095,132,274
87795,right,0,0,0,0,0,0,0,0,0,21,0,0,131,144,4095,130,278
87874,right,0,0,0,0,0,0,0,0,0,22,0,0,128,145,4095,119,272
87953,right,0,0,0,0,0,0,0,0,0,30,0,0,134,145,4095,133,271
88032,right,0,0,0,0,0,0,0,0,0,23,0,0,129,148,4095,119,272
88111,right,0,0,0,0,0,0,0,0,0,29,0,0,128,149,4095,129,269
88190,right,0,0,0,0,0,0,0,0,0,24,0,0,130,147,4095,129,274
88269,right,0,0,0,0,0,0,0,0,0,18,0,0,129,144,4095,129,272
88348,right,0,0,0,0,0,0,0,0,0,25,0,0,129,148,4095,136,272
88427,right,0,0,0,0,0,0,0,0,0,16,0,0,128,146,4095,129,273
88506,right,0,0,0,0,0,0,0,0,0,30,0,0,127,151,4095,128,269
88585,right,0,0,0,0,0,0,0,0,0,27,0,0,126,147,4095,133,269
88664,right,0,0,0,0,0,0,0,0,0,22,0,0,129,147,4095,130,272
88743,right,0,0,0,0,0,0,0,0,0,25,0,0,134,147,4095,125,274
88822,right,0,0,0,0,0,0,0,0,0,31,0,0,128,151,4095,128,273
88901,right,0,0,0,0,0,0,0,0,0,19,0,0,125,155,4095,129,272
88980,right,0,0,0,0,0,0,0,0,0,23,0,0,126,151,4095,131,271
89059,right,0,0,0,0,0,0,0,0,0,31,0,0,129,151,4095,128,272
89138,right,0,0,0,0,0,0,0,0,0,26,0,0,133,147,4095,126,272
89217,right,0,0,0,0,0,0,0,0,0,21,0,0,125,147,4095,126,273
89296,right,0,0,0,0,0,0,0,0,0,17,0,0,132,149,4095,133,273
89375,right,0,0,0,0,0,0,0,0,0,29,0,0,123,146,4095,125,272
89454,right,0,0,0,0,0,0,0,0,0,30,0,0,130,145,4095,127,272
89533,right,0,0,0,0,0,0,0,0,0,23,0,0,125,144,4095,129,272
89612,right,0,0,0,0,0,0,0,0,0,29,0,0,125,155,4095,126,272
89691,right,0,0,0,0,0,0,0,0,0,23,0,0,130,148,4095,125,270
89770,right,0,0,0,0,0,0,0,0,0,27,0,0,130,149,4095,128,272
89848,right,0,0,0,0,0,0,0,0,0,33,0,0,128,150,4095,119,268
89927,right,0,0,0,0,0,0,0,0,0,27,0,0,129,144,4095,121,272
90006,right,0,0,0,0,0,0,0,0,0,32,0,0,128,153,4095,117,270
90085,right,0,0,0,0,0,0,0,0,0,29,0,0,128,156,4095,112,269
90164,right,0,0,0,0,0,0,0,0,0,32,0,0,135,151,4095,112,267
90243,right,0,0,0,0,0,0,0,0,0,25,0,0,115,154,4095,117,272
90322,right,0,0,0,0,0,0,0,0,0,28,0,0,129,147,4095,112,270
90401,right,0,0,0,0,0,0,0,0,0,28,0,0,114,150,4095,121,273
90480,right,0,0,0,0,0,0,0,0,0,30,0,0,128,149,4095,117,270
90559,right,0,0,0,0,0,0,0,0,0,32,0,0,118,150,4095,123,268
90638,right,0,0,0,0,0,0,0,0,0,27,0,0,128,149,4095,121,270
90717,right,0,0,0,0,0,0,0,0,0,29,0,0,128,147,4095,118,268
90796,right,0,0,0,0,0,0,0,0,0,30,0,0,131,150,4095,113,267
90875,right,0,0,0,0,0,0,0,0,0,35,0,0,130,147,4095,119,272
90954,right,0,0,0,0,0,0,0,0,0,23,0,0,133,159,4095,116,273
91033,right,0,0,0,0,0,0,0,0,0,27,0,0,134,154,4095,122,268
91112,right,0,0,0,0,0,0,0,0,0,27,0,0,130,147,4095,118,271
91191,right,0,0,0,0,0,0,0,0,0,30,0,0,128,145,4095,118,272
91270,right,0,0,0,0,0,0,0,0,0,26,0,0,128,153,4095,115,269
91349,right,0,0,0,0,0,0,0,0,0,29,0,0,128,150,4095,113,272
91428,right,0,0,0,0,0,0,0,0,0,31,0,0,128,155,4095,122,267
91507,right,0,0,0,0,0,0,0,0,0,33,0,0,129,149,4095,126,277
91586,right,0,0,0,0,0,0,0,0,0,32,0,0,128,147,4095,113,272
91665,right,0,0,0,0,0,0,0,0,0,31,0,0,128,155,4095,114,272
91744,right,0,0,0,0,0,0,0,0,0,29,0,0,130,151,4095,112,270
91823,right,0,0,0,0,0,0,0,0,0,32,0,0,128,150,4095,116,271
91902,right,0,0,0,0,0,0,0,0,0,35,0,0,133,148,4095,115,270
91981,right,0,0,0,0,0,0,0,0,0,27,0,0,131,150,4095,117,266
92060,right,0,0,0,0,0,0,0,0,0,37,0,0,131,151,4095,112,265
92139,right,0,0,0,0,0,0,0,0,0,31,0,0,128,151,4095,119,270
92218,right,0,0,0,0,0,0,0,0,0,31,0,0,128,149,4095,114,267
92297,right,0,0,0,0,0,0,0,0,0,35,0,0,128,149,4095,112,266
92376,right,0,0,0,0,0,0,0,0,0,34,0,0,135,153,4095,114,272
92455,right,0,0,0,0,0,0,0,0,0,32,0,0,132,151,4095,112,260
92534,right,0,0,0,0,0,0,0,0,0,34,0,0,134,153,4095,112,269
92613,right,0,0,0,0,0,0,0,0,0,38,0,0,129,146,4095,117,272
92692,right,0,0,0,0,0,0,0,0,0,35,0,0,129,147,4095,112,268
92771,right,0,0,0,0,0,0,0,0,0,35,0,0,130,156,4095,125,269
92850,right,0,0,0,0,0,0,0,0,0,33,0,0,128,155,4095,122,272
92929,right,0,0,0,0,0,0,0,0,0,29,0,0,128,149,4095,113,267
93008,right,0,0,0,0,0,0,0,0,0,32,0,0,129,154,4095,121,269
93087,right,0,0,0,0,0,0,0,0,0,30,0,0,130,150,4095,120,266
93166,right,0,0,0,0,0,0,0,0,0,30,0,0,134,147,4095,116,267
93245,right,0,0,0,0,0,0,0,0,0,32,0,0,128,160,4095,119,272
93324,right,0,0,0,0,0,0,0,0,0,33,0,0,128,149,4095,119,270
93403,right,0,0,0,0,0,0,0,0,0,35,0,0,129,149,4095,118,272
93482,right,0,0,0,0,0,0,0,0,0,32,0,0,113,154,4095,125,265
93561,right,0,0,0,0,0,0,0,0,0,32,0,0,134,150,4095,122,271
93640,right,0,0,0,0,0,0,0,0,0,34,0,0,131,149,4095,124,266
93719,right,0,0,0,0,0,0,0,0,0,33,0,0,128,149,4095,117,266
93797,right,0,0,0,0,0,0,0,0,0,22,0,0,138,151,4095,122,272
93876,right,0,0,0,0,0,0,0,0,0,32,0,0,132,151,4095,122,272
93955,right,0,0,0,0,0,0,0,0,0,30,0,0,129,156,4095,125,272
94034,right,0,0,0,0,0,0,0,0,0,37,0,0,126,149,4095,128,272
94113,right,0,0,0,0,0,0,0,0,0,36,0,0,129,148,4095,127,272
94192,right,0,0,0,0,0,0,0,0,0,34,0,0,127,157,4095,121,272
94271,right,0,0,0,0,0,0,0,0,0,31,0,0,129,154,4095,123,273
94350,right,0,0,0,0,0,0,0,0,0,34,0,0,130,154,4095,113,272
94429,right,0,0,0,0,0,0,0,0,0,32,0,0,131,148,4095,130,272
94508,right,0,0,0,0,0,0,0,0,0,22,0,0,128,145,4095,128,272
94587,right,0,0,0,0,0,0,0,0,0,25,0,0,128,151,4095,129,271
94666,right,0,0,0,0,0,0,0,0,0,19,0,0,129,153,4095,133,276
94745,right,0,0,0,0,0,0,0,0,0,16,0,0,136,149,4095,131,270
94824,right,0,0,0,0,0,0,0,0,0,18,0,0,129,154,4095,131,271
94903,right,0,0,0,0,0,0,0,0,0,15,0,0,123,162,4095,130,269
94982,right,0,0,0,0,0,0,0,0,0,13,0,0,128,144,4095,135,269
95061,right,0,0,0,0,0,0,0,0,0,16,0,0,125,150,4095,132,272
95140,right,0,0,0,0,0,0,0,0,0,14,0,0,127,148,4095,133,273
95219,right,0,0,0,0,0,0,0,0,0,14,0,0,126,144,4095,134,272
95298,right,0,0,0,0,0,0,0,0,0,9,0,0,130,146,4095,134,276
95377,right,0,0,0,0,0,0,0,0,0,16,0,0,123,145,4095,135,269
95456,right,0,0,0,0,0,0,0,0,0,15,0,0,128,146,4095,130,283
95535,right,0,0,0,0,0,0,0,0,0,15,0,0,130,152,4095,133,271
95614,right,0,0,0,0,0,0,0,0,0,16,0,0,139,147,4095,122,272
95693,right,0,0,0,0,0,0,0,0,0,16,0,0,130,151,4095,130,276
95772,right,0,0,0,0,0,0,0,0,0,21,0,0,128,147,4095,129,272
95851,right,0,0,0,0,0,0,0,0,0,16,0,0,130,149,4095,137,266
95930,right,0,0,0,0,0,0,0,0,0,15,0,0,127,147,4095,134,272
96009,right,0,0,0,0,0,0,0,0,0,16,0,0,128,149,4095,130,272
96088,right,0,0,0,0,0,0,0,0,0,16,0,0,131,146,4095,130,272
96167,right,0,0,0,0,0,0,0,0,0,19,0,0,117,149,4095,128,271
96246,right,0,0,0,0,0,0,0,0,0,23,0,0,131,154,4095,134,272
96325,right,0,0,0,0,0,0,0,0,0,16,0,0,134,151,4095,135,273
96404,right,0,0,0,0,0,0,0,0,0,26,0,0,124,153,4095,131,270
96483,right,0,0,0,0,0,0,0,0,0,17,0,0,129,155,4095,131,272
96562,right,0,0,0,0,0,0,0,0,0,23,0,0,128,155,4095,128,272
96641,right,0,0,0,0,0,0,0,0,0,25,0,0,132,148,4095,129,272
96720,right,0,0,0,0,0,0,0,0,0,18,0,0,128,150,4095,127,272
96799,right,0,0,0,0,0,0,0,0,0,23,0,0,125,151,4095,126,271
96878,right,0,0,0,0,0,0,0,0,0,19,0,0,130,152,4095,127,273
96957,right,0,0,0,0,0,0,0,0,0,26,0,0,131,154,4095,131,272
97036,right,0,0,0,0,0,0,0,0,0,21,0,0,128,152,4095,128,273
97115,right,0,0,0,0,0,0,0,0,0,19,0,0,128,154,4095,131,277
97194,right,0,0,0,0,0,0,0,0,0,21,0,0,137,147,4095,132,272
97273,right,0,0,0,0,0,0,0,0,0,23,0,0,129,153,4095,132,272
97352,right,0,0,0,0,0,0,0,0,0,33,0,0,119,150,4095,132,272
97431,right,0,0,0,0,0,0,0,0,0,17,0,0,132,151,4095,139,272
97510,right,0,0,0,0,0,0,0,0,0,18,0,0,128,153,4095,140,279
97589,right,0,0,0,0,0,0,0,0,0,25,0,0,130,154,4095,134,272
97668,right,0,0,0,0,0,0,0,0,0,26,0,0,130,151,4095,138,272
97747,right,0,0,0,0,0,0,0,0,0,23,0,0,129,155,4095,141,273
97826,right,0,0,0,0,0,0,0,0,0,30,0,0,133,158,4095,144,275
97905,right,0,0,0,0,0,0,0,0,0,30,0,0,131,159,4095,147,269
97984,right,0,0,0,0,0,0,0,0,0,27,0,0,133,162,4095,145,276
98063,right,0,0,0,0,0,0,0,0,0,25,0,0,139,155,4095,146,278
98142,right,0,0,0,0,0,0,0,0,0,23,0,0,137,160,4095,155,273
98221,right,0,0,0,0,0,0,0,0,0,19,0,0,133,154,4095,147,276
98300,right,0,0,0,0,0,0,0,0,0,34,0,0,133,155,4095,151,273
98379,right,0,0,0,0,0,0,0,0,0,27,0,0,133,154,4095,149,276
98458,right,0,0,0,0,0,0,0,0,0,35,0,0,131,154,4095,150,275
98537,right,0,0,0,0,0,0,0,0,0,26,0,0,129,157,4095,148,272
98616,right,0,0,0,0,0,0,0,0,0,22,0,0,131,159,4095,144,279
98695,right,0,0,0,0,0,0,0,0,0,27,0,0,134,155,4095,149,246
98774,right,0,0,0,0,0,0,0,0,0,22,0,0,138,157,4095,152,272
98853,right,0,0,0,0,0,0,0,0,0,26,0,0,138,158,4095,161,276
98932,right,0,0,0,0,0,0,0,0,0,26,0,0,140,159,4095,162,278
99011,right,0,0,0,0,0,0,0,0,0,31,0,0,145,161,4095,174,277
99090,right,0,0,0,0,0,0,0,0,0,41,0,0,138,160,4095,175,282
99169,right,0,0,0,0,0,0,0,0,0,35,0,0,138,160,4095,171,277
99248,right,0,0,0,0,0,0,0,0,0,35,0,0,139,160,4095,165,274
99327,right,0,0,0,0,0,0,0,0,0,35,0,0,139,160,4095,162,277
99406,right,0,0,0,0,0,0,0,0,0,31,0,0,133,156,4095,145,272
99485,right,0,0,0,0,0,0,0,0,0,22,0,0,130,154,4095,146,275
99564,right,0,0,0,0,0,0,0,0,0,21,0,0,133,155,4095,140,272
99643,right,0,0,0,0,0,0,0,0,0,19,0,0,128,150,4095,138,272
99722,right,0,0,0,0,0,0,0,0,0,19,0,0,128,154,4095,130,274
99801,right,0,0,0,0,0,0,0,0,0,22,0,0,127,153,4095,132,272
99880,right,0,0,0,0,0,0,0,0,0,16,0,0,127,146,4095,132,272
99959,right,0,0,0,0,0,0,0,0,0,16,0,0,128,150,4095,138,273
100037,right,0,0,0,0,0,0,0,0,0,16,0,0,125,149,4095,132,272
100116,right,0,0,0,0,0,0,0,0,0,19,0,0,112,151,4095,132,272
100195,right,0,0,0,0,0,0,0,0,0,16,0,0,126,146,4095,131,272
100274,right,0,0,0,0,0,0,0,0,0,19,0,0,128,154,4095,129,274
100353,right,0,0,0,0,0,0,0,0,0,11,0,0,130,145,4095,133,269
100432,right,0,0,0,0,0,0,0,0,0,19,0,0,128,146,4095,129,275
100511,right,0,0,0,0,0,0,0,0,0,17,0,0,126,153,4095,130,272
100590,right,0,0,0,0,0,0,0,0,0,22,0,0,128,160,4095,137,272
100669,right,0,0,0,0,0,0,0,0,0,17,0,0,134,152,4095,134,273
100748,right,0,0,0,0,0,0,0,0,0,17,0,0,132,139,4095,134,272
100827,right,0,0,0,0,0,0,0,0,0,15,0,0,128,146,4095,135,272
100906,right,0,0,0,0,0,0,0,0,0,16,0,0,127,149,4095,129,272
100985,right,0,0,0,0,0,0,0,0,0,25,0,0,126,150,4095,134,273
101064,right,0,0,0,0,0,0,0,0,0,19,0,0,130,150,4095,133,275
101143,right,0,0,0,0,0,0,0,0,0,19,0,0,128,148,4095,128,272
101222,right,0,0,0,0,0,0,0,0,0,19,0,0,128,151,4095,128,270
101301,right,0,0,0,0,0,0,0,0,0,21,0,0,128,146,4095,126,275
101380,right,0,0,0,0,0,0,0,0,0,16,0,0,130,145,4095,132,272
101459,right,0,0,0,0,0,0,0,0,0,17,0,0,131,151,4095,131,271
101538,right,0,0,0,0,0,0,0,0,0,28,0,0,132,147,4095,128,272
101617,right,0,0,0,0,0,0,0,0,0,16,0,0,126,151,4095,130,273
101696,right,0,0,0,0,0,0,0,0,0,22,0,0,128,144,4095,131,274
101775,right,0,0,0,0,0,0,0,0,0,25,0,0,125,154,4095,128,269
101854,right,0,0,0,0,0,0,0,0,0,22,0,0,126,151,4095,130,273
101933,right,0,0,0,0,0,0,0,0,0,26,0,0,128,155,4095,127,273
102012,right,0,0,0,0,0,0,0,0,0,25,0,0,129,151,4095,123,272
102091,right,0,0,0,0,0,0,0,0,0,26,0,0,130,159,4095,128,274
102170,right,0,0,0,0,0,0,0,0,0,23,0,0,128,147,4095,128,274
102249,right,0,0,0,0,0,0,0,0,0,29,0,0,130,154,4095,130,271
102328,right,0,0,0,0,0,0,0,0,0,30,0,0,126,149,4095,129,272
102407,right,0,0,0,0,0,0,0,0,0,25,0,0,121,171,4095,129,266
102486,right,0,0,0,0,0,0,0,0,0,23,0,0,135,149,4095,134,275
102565,right,0,0,0,0,0,0,0,0,0,31,0,0,131,154,4095,137,276
102644,right,0,0,0,0,0,0,0,0,0,21,0,0,129,157,4095,147,275
102723,right,0,0,0,0,0,0,0,0,0,23,0,0,133,155,4095,145,275
102802,right,0,0,0,0,0,0,0,0,0,29,0,0,150,170,4095,157,277
102881,right,0,0,0,0,0,0,0,0,0,35,0,0,135,154,4095,157,277
102960,right,0,0,0,0,0,0,0,0,0,35,0,0,141,163,4095,153,275
103039,right,0,0,0,0,0,0,0,0,0,39,0,0,135,158,4095,154,281
103118,right,0,0,0,0,0,0,0,0,0,37,0,0,142,161,4095,159,275
103197,right,0,0,0,0,0,0,0,0,0,34,0,0,138,164,4095,159,279
103276,right,0,0,0,0,0,0,0,0,0,39,0,0,123,156,4095,153,276
103355,right,0,0,0,0,0,0,0,0,0,44,0,0,137,166,4095,163,274
103434,right,0,0,0,0,0,0,0,0,0,32,0,0,141,161,4095,163,276
103513,right,0,0,0,0,0,0,0,0,0,32,0,0,144,160,4095,169,273
103592,right,0,0,0,0,0,0,0,0,0,39,0,0,144,163,4095,167,278
103671,right,0,0,0,0,0,0,0,0,0,43,0,0,141,156,4095,165,275
103750,right,0,0,0,0,0,0,0,0,0,36,0,0,141,160,4095,170,277
103829,right,0,0,0,0,0,0,0,0,0,47,0,0,144,159,4095,173,279
103908,right,0,0,0,0,0,0,0,0,0,43,0,0,146,161,4095,172,274
103986,right,0,0,0,0,0,0,0,0,0,38,0,0,144,160,4095,170,275
104065,right,0,0,0,0,0,0,0,0,0,43,0,0,144,162,4095,173,277
104144,right,0,0,0,0,0,0,0,0,0,35,0,0,137,161,4095,163,278
104223,right,0,0,0,0,0,0,0,0,0,33,2,0,138,163,4095,151,276
104302,right,0,0,0,0,0,0,0,0,0,29,0,0,131,146,4095,140,277
104381,right,0,0,0,0,0,0,0,0,0,26,0,0,130,157,4095,142,272
104460,right,0,0,0,0,0,0,0,0,0,19,0,0,133,146,4095,137,272
104539,right,0,0,0,0,0,0,0,0,0,29,0,0,134,156,4095,137,272
104618,right,0,0,0,0,0,0,0,0,0,27,0,0,133,151,4095,136,274
104697,right,0,0,0,0,0,0,0,0,0,32,0,0,129,151,4095,134,272
104776,right,0,0,0,0,0,0,0,0,0,27,0,0,132,150,4095,139,275
104855,right,0,0,0,0,0,0,0,0,0,32,0,0,138,151,4095,133,275
104934,right,0,0,0,0,0,0,0,0,0,30,0,0,130,153,4095,136,274
105013,right,0,0,0,0,0,0,0,0,0,33,0,0,130,154,4095,144,274
105092,right,0,0,0,0,0,0,0,0,0,32,0,0,131,153,4095,131,272
105171,right,0,0,0,0,0,0,0,0,0,30,0,0,134,159,4095,139,275
105250,right,0,0,0,0,0,0,0,0,0,30,0,0,130,151,4095,143,273
105329,right,0,0,0,0,0,0,0,0,0,29,0,0,128,148,4095,144,280
105408,right,0,0,0,0,0,0,0,0,0,28,0,0,137,150,4095,139,272
105487,right,0,0,0,0,0,0,0,0,0,21,0,0,123,155,4095,135,280
105566,right,0,0,0,0,0,0,0,0,0,32,0,0,131,154,4095,139,272
105645,right,0,0,0,0,0,0,0,0,0,26,0,0,131,158,4095,139,275
105724,right,0,0,0,0,0,0,0,0,0,31,0,0,124,168,4095,137,273
105803,right,0,0,0,0,0,0,0,0,0,30,0,0,134,159,4095,136,274
105882,right,0,0,0,0,0,0,0,0,0,27,0,0,131,153,4095,142,274
105961,right,0,0,0,0,0,0,0,0,0,27,0,0,141,147,4095,135,279
106040,right,0,0,0,0,0,0,0,0,0,26,0,0,134,157,4095,138,272
106119,right,0,0,0,0,0,0,0,0,0,27,0,0,134,147,4095,139,274
106198,right,0,0,0,0,0,0,0,0,0,31,0,0,121,160,4095,136,272
106277,right,0,0,0,0,0,0,0,0,0,25,0,0,129,147,4095,135,272
106356,right,0,0,0,0,0,0,0,0,0,21,0,0,138,161,4095,134,272
106435,right,0,0,0,0,0,0,0,0,0,22,0,0,128,152,4095,139,275
106514,right,0,0,0,0,0,0,0,0,0,32,0,0,129,148,4095,138,273
106593,right,0,0,0,0,0,0,0,0,0,25,0,0,133,150,4095,137,272
106672,right,0,0,0,0,0,0,0,0,0,27,0,0,128,155,4095,135,273
106751,right,0,0,0,0,0,0,0,0,0,24,0,0,133,149,4095,139,271
106830,right,0,0,0,0,0,0,0,0,0,32,0,0,130,151,4095,133,281
106909,right,0,0,0,0,0,0,0,0,0,31,0,0,129,151,4095,137,272
106988,right,0,0,0,0,0,0,0,0,0,28,0,0,129,166,4095,137,273
107067,right,0,0,0,0,0,0,0,0,0,27,0,0,128,155,4095,141,278
107146,right,0,0,0,0,0,0,0,0,0,33,0,0,131,161,4095,132,272
107225,right,0,0,0,0,0,0,0,0,0,30,0,0,132,151,4095,129,270
107304,right,0,0,0,0,0,0,0,0,0,25,0,0,128,148,4095,132,273
107383,right,0,0,0,0,0,0,0,0,0,26,0,0,129,153,4095,137,272
107462,right,0,0,0,0,0,0,0,0,0,32,0,0,129,153,4095,133,273
107541,right,0,0,0,0,0,0,0,0,0,28,0,0,131,157,4095,131,271
107620,right,0,0,0,0,0,0,0,0,0,27,0,0,130,150,4095,129,272
107699,right,0,0,0,0,0,0,0,0,0,23,0,0,134,157,4095,130,272
107778,right,0,0,0,0,0,0,0,0,0,29,0,0,125,153,4095,129,263
107857,right,0,0,0,0,0,0,0,0,0,27,0,0,130,153,4095,133,272
107936,right,0,0,0,0,0,0,0,0,0,30,0,0,130,158,4095,139,272
108015,right,0,0,0,0,0,0,0,0,0,30,0,0,143,157,4095,129,272
108094,right,0,0,0,0,0,0,0,0,0,19,0,0,133,156,4095,134,272
108173,right,0,0,0,0,0,0,0,0,0,29,0,0,129,156,4095,126,272
108252,right,0,0,0,0,0,0,0,0,0,32,0,0,128,155,4095,131,272
108331,right,0,0,0,0,0,0,0,0,0,30,0,0,129,151,4095,133,272
108410,right,0,0,0,0,0,0,0,0,0,30,0,0,128,149,4095,129,272
108489,right,0,0,0,0,0,0,0,0,0,26,0,0,130,144,4095,130,272
108568,right,0,0,0,0,0,0,0,0,0,22,0,0,130,158,4095,142,272
108647,right,0,0,0,0,0,0,0,0,0,29,0,0,128,157,4095,134,272
108726,right,0,0,0,0,0,0,0,0,0,27,0,0,129,157,4095,131,272
108805,right,0,0,0,0,0,0,0,0,0,29,0,0,128,153,4095,135,275
108884,right,0,0,0,0,0,0,0,0,0,25,0,0,132,157,4095,129,272
108963,right,0,0,0,0,0,0,0,0,0,25,0,0,134,149,4095,134,273
109042,right,0,0,0,0,0,0,0,0,0,28,0,0,131,150,4095,129,272
109121,right,0,0,0,0,0,0,0,0,0,28,0,0,129,148,4095,131,276
109200,right,0,0,0,0,0,0,0,0,0,30,0,0,130,157,4095,132,272
109279,right,0,0,0,0,0,0,0,0,0,26,0,0,128,147,4095,135,272
109358,right,0,0,0,0,0,0,0,0,0,21,0,0,129,145,4095,131,273
109437,right,0,0,0,0,0,0,0,0,0,25,0,0,128,150,4095,132,273
109516,right,0,0,0,0,0,0,0,0,0,24,0,0,127,152,4095,131,271
109595,right,0,0,0,0,0,0,0,0,0,31,0,0,128,153,4095,127,272
109674,right,0,0,0,0,0,0,0,0,0,29,0,0,130,153,4095,130,267
109753,right,0,0,0,0,0,0,0,0,0,28,0,0,128,157,4095,134,274
109832,right,0,0,0,0,0,0,0,0,0,25,0,0,129,150,4095,131,275
109911,right,0,0,0,0,0,0,0,0,0,31,0,0,135,151,4095,131,282
109990,right,0,0,0,0,0,0,0,0,0,27,0,0,128,150,4095,131,272
110069,right,0,0,0,0,0,0,0,0,0,20,0,0,144,147,4095,128,270
110148,right,0,0,0,0,0,0,0,0,0,22,0,0,129,154,4095,138,272
110226,right,0,0,0,0,0,0,0,0,0,33,0,0,132,150,4095,139,273
110305,right,0,0,0,0,0,0,0,0,0,28,1,0,130,151,4095,133,276
110384,right,0,0,0,0,0,0,0,0,0,34,0,0,128,152,4095,134,273
110463,right,0,0,0,0,0,0,0,0,0,26,0,0,135,150,4095,131,267
110542,right,0,0,0,0,0,0,0,0,0,29,0,0,131,151,4095,135,273
110621,right,0,0,0,0,0,0,0,0,0,26,0,0,128,151,4095,130,272
110700,right,0,0,0,0,0,0,0,0,0,22,0,0,128,155,4095,131,272
110779,right,0,0,0,0,0,0,0,0,0,22,0,0,129,155,4095,128,274
110858,right,0,0,0,0,0,0,0,0,0,20,0,0,129,148,4095,135,272
110937,right,0,0,0,0,0,0,0,0,0,19,0,0,128,150,4095,135,275
111016,right,0,0,0,0,0,0,0,0,0,22,0,0,128,154,4095,135,278
111095,right,0,0,0,0,0,0,0,0,0,22,0,0,134,158,4095,142,273
111174,right,0,0,0,0,0,0,0,0,0,25,0,0,128,152,4095,128,272
111253,right,0,0,0,0,0,0,0,0,0,21,0,0,129,144,4095,134,277
111332,right,0,0,0,0,0,0,0,0,0,20,0,0,127,154,4095,135,274
111411,right,0,0,0,0,0,0,0,0,0,25,0,0,137,149,4095,135,274
111490,right,0,0,0,0,0,0,0,0,0,25,0,0,134,150,4095,134,272
111569,right,0,0,0,0,0,0,0,0,0,21,0,0,131,158,4095,141,274
111648,right,0,0,0,0,0,0,0,0,0,20,0,0,131,157,4095,134,273
111727,right,0,0,0,0,0,0,0,0,0,33,0,0,125,150,4095,122,272
111806,right,0,0,0,0,0,0,0,0,0,28,0,0,133,155,4095,147,272
111885,right,0,0,0,0,0,0,0,0,0,29,0,0,130,157,4095,132,273
111964,right,0,0,0,0,0,0,0,0,0,25,0,0,127,153,4095,131,272
112043,right,0,0,0,0,0,0,0,0,0,27,0,0,136,153,4095,131,269
112122,right,0,0,0,0,0,0,0,0,0,25,0,0,128,154,4095,134,272
112201,right,0,0,0,0,0,0,0,0,0,25,0,0,131,148,4095,131,274
112280,right,0,0,0,0,0,0,0,0,0,29,0,0,127,159,4095,130,275
112359,right,0,0,0,0,0,0,0,0,0,24,0,0,127,153,4095,130,272
112438,right,0,0,0,0,0,0,0,0,0,30,0,0,126,157,4095,128,272
112517,right,0,0,0,0,0,0,0,0,0,27,0,0,131,149,4095,129,272
112596,right,0,0,0,0,0,0,0,0,0,13,0,0,131,159,4095,128,272
112675,right,0,0,0,0,0,0,0,0,0,27,0,0,129,158,4095,128,272
112754,right,0,0,0,0,0,0,0,0,0,27,0,0,128,150,4095,120,272
112833,right,0,0,0,0,0,0,0,0,0,16,0,0,130,152,4095,117,269
112912,right,0,0,0,0,0,0,0,0,0,27,0,0,126,155,4095,118,272
112991,right,0,0,0,0,0,0,0,0,0,22,0,0,128,159,4095,119,269
113070,right,0,0,0,0,0,0,0,0,0,26,0,0,129,154,4095,120,269
113149,right,0,0,0,0,0,0,0,0,0,29,0,0,126,148,4095,122,272
113228,right,0,0,0,0,0,0,0,0,0,27,0,0,125,146,4095,114,269
113307,right,0,0,0,0,0,0,0,0,0,29,0,0,128,160,4095,117,271
113386,right,0,0,0,0,0,0,0,0,0,22,0,0,130,151,4095,114,269
113465,right,0,0,0,0,0,0,0,0,0,34,0,0,130,157,4095,112,266
113544,right,0,0,0,0,0,0,0,0,0,29,0,0,131,146,4095,113,273
113623,right,0,0,0,0,0,0,0,0,0,33,0,0,129,149,4095,117,272
113702,right,0,0,0,0,0,0,0,0,0,26,0,0,127,150,4095,117,271
113781,right,0,0,0,0,0,0,0,0,0,25,0,0,128,157,4095,112,270
113860,right,0,0,0,0,0,0,0,0,0,27,0,0,127,148,4095,123,269
113939,right,0,0,0,0,0,0,0,0,0,27,0,0,128,153,4095,119,273
114018,right,0,0,0,0,0,0,0,0,0,29,0,0,129,150,4095,128,272
114097,right,0,0,0,0,0,0,0,0,0,25,0,0,128,149,4095,131,271
114175,right,0,0,0,0,0,0,0,0,0,21,0,0,126,149,4095,128,272
114254,right,0,0,0,0,0,0,0,0,0,22,0,0,128,153,4095,127,272
114333,right,0,0,0,0,0,0,0,0,0,19,0,0,129,147,4095,131,262
114412,right,0,0,0,0,0,0,0,0,0,18,0,0,128,151,4095,117,272
114491,right,0,0,0,0,0,0,0,0,0,19,0,0,128,154,4095,128,272
114570,right,0,0,0,0,0,0,0,0,0,22,0,0,127,158,4095,131,272
114649,right,0,0,0,0,0,0,0,0,0,15,0,0,129,150,4095,138,275
114728,right,0,0,0,0,0,0,0,0,0,27,0,0,128,158,4095,135,272
114807,right,0,0,0,0,0,0,0,0,0,16,0,0,129,150,4095,138,272
114886,right,0,0,0,0,0,0,0,0,0,19,0,0,129,150,4095,137,277
114965,right,0,0,0,0,0,0,0,0,0,26,0,0,128,149,4095,136,272
115044,right,0,0,0,0,0,0,0,0,0,19,0,0,137,154,4095,139,272
115123,right,0,0,0,0,0,0,0,0,0,18,0,0,132,151,4095,131,269
115202,right,0,0,0,0,0,0,0,0,0,22,0,0,134,154,4095,141,274
115281,right,0,0,0,0,0,0,0,0,0,23,0,0,131,155,4095,141,272
115360,right,0,0,0,0,0,0,0,0,0,25,0,0,133,161,4095,139,272
115439,right,0,0,0,0,0,0,0,0,0,22,0,0,134,155,4095,144,272
115518,right,0,0,0,0,0,0,0,0,0,30,0,0,135,153,4095,146,272
115597,right,0,0,0,0,0,0,0,0,0,29,0,0,128,149,4095,160,272
115676,right,0,0,0,0,0,0,0,0,0,22,0,0,130,154,4095,144,277
115755,right,0,0,0,0,0,0,0,0,0,28,0,0,130,155,4095,145,275
115834,right,0,0,0,0,0,0,0,0,0,27,0,0,132,159,4095,143,273
115913,right,0,0,0,0,0,0,0,0,0,23,0,0,131,151,4095,143,274
115992,right,0,0,0,0,0,0,0,0,0,25,0,0,132,159,4095,141,272
116071,right,0,0,0,0,0,0,0,0,0,26,0,0,128,154,4095,139,272
116150,right,0,0,0,0,0,0,0,0,0,27,0,0,129,152,4095,137,273
116228,right,0,0,0,0,0,0,0,0,0,29,0,0,130,151,4095,137,276
116307,right,0,0,0,0,0,0,0,0,0,22,9,0,128,156,4095,137,275
116386,right,0,0,0,0,0,0,0,0,0,23,0,0,129,150,4095,138,273
116465,right,0,0,0,0,0,0,0,0,0,30,0,0,131,159,4095,139,272
116544,right,0,0,0,0,0,0,0,0,0,27,0,0,129,147,4095,135,274
116623,right,0,0,0,0,0,0,0,0,0,25,0,0,129,151,4095,130,274
116702,right,0,0,0,0,0,0,0,0,0,24,0,0,131,150,4095,134,271
116781,right,0,0,0,0,0,0,0,0,0,28,0,0,119,151,4095,128,271
116860,right,0,0,0,0,0,0,0,0,0,27,0,0,135,154,4095,129,272
116939,right,0,0,0,0,0,0,0,0,0,30,0,0,131,149,4095,128,273
117018,right,0,0,0,0,0,0,0,0,0,23,0,0,129,153,4095,129,274
117097,right,0,0,0,0,0,0,0,0,0,28,0,0,131,151,4095,128,277
117176,right,0,0,0,0,0,0,0,0,0,33,0,0,131,148,4095,126,272
117255,right,0,0,0,0,0,0,0,0,0,31,0,0,128,149,4095,128,272
117334,right,0,0,0,0,0,0,0,0,0,32,0,0,131,150,4095,119,269
117413,right,0,0,0,0,0,0,0,0,0,32,0,0,125,151,4095,115,268
117492,right,0,0,0,0,0,0,0,0,0,35,0,0,130,144,4095,114,269
117571,right,0,0,0,0,0,0,0,0,0,32,0,0,128,157,4095,117,267
117650,right,0,0,0,0,0,0,0,0,0,31,0,0,129,151,4095,121,271
117729,right,0,0,0,0,0,0,0,0,0,33,0,0,129,155,4095,120,270
117808,right,0,0,0,0,0,0,0,0,0,29,0,0,126,151,4095,119,272
117887,right,0,0,0,0,0,0,0,0,0,20,0,0,127,152,4095,123,270
117966,right,0,0,0,0,0,0,0,0,0,23,0,0,128,150,4095,117,272
118045,right,0,0,0,0,0,0,0,0,0,29,0,0,130,155,4095,121,272
118124,right,0,0,0,0,0,0,0,0,0,27,0,0,127,158,4095,121,272
118203,right,0,0,0,0,0,0,0,0,0,25,0,0,128,153,4095,114,271
118282,right,0,0,0,0,0,0,0,0,0,27,0,0,126,154,4095,121,270
118361,right,0,0,0,0,0,0,0,0,0,32,0,0,126,153,4095,116,268
118440,right,0,0,0,0,0,0,0,0,0,33,0,0,130,139,4095,111,263
118519,right,0,0,0,0,0,0,0,0,0,33,0,0,128,149,4095,111,272
118598,right,0,0,0,0,0,0,0,0,0,25,0,0,126,151,4095,118,270
118677,right,0,0,0,0,0,0,0,0,0,28,0,0,129,150,4095,112,267
118756,right,0,0,0,0,0,0,0,0,0,27,0,0,122,155,4095,115,271
118835,right,0,0,0,0,0,0,0,0,0,30,0,0,128,149,4095,121,272
118914,right,0,0,0,0,0,0,0,0,0,18,0,0,129,148,4095,112,271
118993,right,0,0,0,0,0,0,0,0,0,32,0,0,131,144,4095,114,271
119072,right,0,0,0,0,0,0,0,0,0,26,0,0,131,149,4095,113,270
119151,right,0,0,0,0,0,0,0,0,0,25,0,0,134,152,4095,117,269
119230,right,0,0,0,0,0,0,0,0,0,26,0,0,125,155,4095,118,267
119309,right,0,0,0,0,0,0,0,0,0,32,0,0,128,150,4095,110,271
119388,right,0,0,0,0,0,0,0,0,0,33,0,0,128,159,4095,121,272
119467,right,0,0,0,0,0,0,0,0,0,32,0,0,128,151,4095,117,271
119546,right,0,0,0,0,0,0,0,0,0,29,0,0,129,148,4095,121,272
119625,right,0,0,0,0,0,0,0,0,0,27,0,0,129,150,4095,128,272
119704,right,0,0,0,0,0,0,0,0,0,29,0,0,144,153,4095,119,266
119783,right,0,0,0,0,0,0,0,0,0,33,0,0,129,155,4095,137,272
119862,right,0,0,0,0,0,0,0,0,0,26,0,0,129,155,4095,125,272
119941,right,0,0,0,0,0,0,0,0,0,27,0,0,133,151,4095,128,272
120020,right,0,0,0,0,0,0,0,0,0,25,0,0,129,154,4095,128,270
120099,right,0,0,0,0,0,0,0,0,0,25,0,0,126,154,4095,125,271
120178,right,0,0,0,0,0,0,0,0,0,32,0,0,128,155,4095,128,272
120257,right,0,0,0,0,0,0,0,0,0,22,0,0,130,155,4095,120,272
120336,right,0,0,0,0,0,0,0,0,0,29,0,0,127,155,4095,125,274
120415,right,0,0,0,0,0,0,0,0,0,25,0,0,129,157,4095,122,270
120494,right,0,0,0,0,0,0,0,0,0,29,0,0,126,154,4095,125,275
120573,right,0,0,0,0,0,0,0,0,0,29,0,0,134,157,4095,119,273
120652,right,0,0,0,0,0,0,0,0,0,30,0,0,121,157,4095,125,270
120731,right,0,0,0,0,0,0,0,0,0,25,0,0,128,151,4095,119,281
120810,right,0,0,0,0,0,0,0,0,0,28,0,0,130,150,4095,123,271
120889,right,0,0,0,0,0,0,0,0,0,32,0,0,131,157,4095,118,272
120968,right,0,0,0,0,0,0,0,0,0,32,0,0,138,150,4095,122,271
121047,right,0,0,0,0,0,0,0,0,0,31,0,0,135,152,4095,116,272
121126,right,0,0,0,0,0,0,0,0,0,28,0,0,125,151,4095,115,271
121205,right,0,0,0,0,0,0,0,0,0,27,0,0,133,145,4095,116,270
121284,right,0,0,0,0,0,0,0,0,0,27,0,0,127,147,4095,118,271
121363,right,0,0,0,0,0,0,0,0,0,28,0,0,135,144,4095,117,267
121442,right,0,0,0,0,0,0,0,0,0,25,0,0,134,160,4095,119,272
121521,right,0,0,0,0,0,0,0,0,0,31,0,0,128,154,4095,115,272
121600,right,0,0,0,0,0,0,0,0,0,30,0,0,134,150,4095,122,272
121679,right,0,0,0,0,0,0,0,0,0,27,0,0,128,158,4095,115,267
121758,right,0,0,0,0,0,0,0,0,0,30,0,0,128,151,4095,123,272
121837,right,0,0,0,0,0,0,0,0,0,30,0,0,129,154,4095,123,273
121916,right,0,0,0,0,0,0,0,0,0,28,0,0,128,150,4095,119,272
121995,right,0,0,0,0,0,0,0,0,0,29,0,0,134,154,4095,127,269
122074,right,0,0,0,0,0,0,0,0,0,28,0,0,129,153,4095,122,268
122153,right,0,0,0,0,0,0,0,0,0,22,0,0,135,163,4095,125,275
122232,right,0,0,0,0,0,0,0,0,0,34,0,0,119,149,4095,126,272
122311,right,0,0,0,0,0,0,0,0,0,29,0,0,117,157,4095,119,272
122390,right,0,0,0,0,0,0,0,0,0,25,0,0,128,154,4095,123,270
122469,right,0,0,0,0,0,0,0,0,0,31,0,0,130,153,4095,121,270
122548,right,0,0,0,0,0,0,0,0,0,29,0,0,131,158,4095,127,272
122627,right,0,0,0,0,0,0,0,0,0,31,0,0,134,149,4095,122,269
122706,right,0,0,0,0,0,0,0,0,0,29,0,0,128,160,4095,123,273
122785,right,0,0,0,0,0,0,0,0,0,28,0,0,129,151,4095,128,272
122864,right,0,0,0,0,0,0,0,0,0,31,0,0,133,159,4095,125,273