166474,right,0,0,0,0,0,0,0,0,0,0,0,0,0,2029,1345,37,140
166553,right,0,0,0,0,0,0,0,0,0,0,0,0,0,2134,1524,59,175
166632,right,0,0,0,0,0,0,0,0,0,7,0,0,0,2190,4095,115,201
166711,right,0,0,0,0,0,0,0,0,0,18,0,0,0,2290,4095,154,210
166790,right,0,0,0,0,0,0,0,0,0,25,0,0,0,2371,4095,176,224
166869,right,0,0,0,0,0,0,0,0,0,35,4021,46,0,2399,4095,192,231
166948,right,0,0,0,0,0,0,0,0,0,36,4033,46,0,2429,4095,202,237
167027,right,0,0,0,0,0,0,0,0,0,32,4027,46,0,2443,4095,224,234
167106,right,0,0,0,0,0,0,0,0,0,32,4095,47,0,2449,4095,210,242
167185,right,0,0,0,0,0,0,0,0,0,35,3973,48,0,2465,4095,220,249
167264,right,0,0,0,0,0,0,0,0,0,48,4095,48,0,2507,4095,234,260
167343,right,0,0,0,0,0,0,0,0,0,114,4095,55,0,2518,4095,239,267
167422,right,0,0,0,0,0,0,0,0,0,128,4095,49,0,2547,4095,240,267
167501,right,0,0,0,0,0,0,0,0,0,129,4095,50,0,2550,4095,239,265
167580,right,0,0,0,0,0,0,0,0,0,142,4095,52,0,2553,4095,240,265
167659,right,0,0,0,0,0,0,0,0,0,121,4095,50,0,2522,4095,215,243
167738,right,0,0,0,0,0,0,0,0,0,57,3442,128,0,2496,4095,180,222
167817,right,0,0,0,0,0,0,0,0,0,52,621,0,0,2471,4095,173,216
167896,right,0,0,0,0,0,0,0,0,0,42,256,0,0,2455,4095,154,209
167975,right,0,0,0,0,0,0,0,0,0,48,187,0,0,2448,4095,149,207
168054,right,0,0,0,0,0,0,0,0,0,51,159,0,0,2449,4095,151,208
168133,right,0,0,0,0,0,0,0,0,0,48,139,0,0,2447,4095,150,208
168212,right,0,0,0,0,0,0,0,0,0,49,128,0,0,2442,4095,144,207
168291,right,0,0,0,0,0,0,0,0,0,48,818,27,0,2441,4095,144,205
168370,right,0,0,0,0,0,0,0,0,0,51,3895,50,0,2448,4095,144,208
168449,right,0,0,0,0,0,0,0,0,0,50,3738,48,0,2445,4095,143,206
168528,right,0,0,0,0,0,0,0,0,0,51,575,0,0,2443,4095,143,207
168607,right,0,0,0,0,0,0,0,0,0,50,247,0,0,2445,4095,156,208
168686,right,0,0,0,0,0,0,0,0,0,51,165,0,0,2446,4095,147,208
168765,right,0,0,0,0,0,0,0,0,0,48,115,0,0,2445,4095,147,209
168844,right,0,0,0,0,0,0,0,0,0,48,98,0,0,2443,4095,151,209
168923,right,0,0,0,0,0,0,0,0,0,48,78,0,0,2442,4095,155,211
169002,right,0,0,0,0,0,0,0,0,0,44,78,0,0,2389,4095,159,211
169081,right,0,0,0,0,0,0,0,0,0,27,65,0,0,2437,4095,162,213
169160,right,0,0,0,0,0,0,0,0,0,36,64,0,0,2438,4095,163,214
169239,right,0,0,0,0,0,0,0,0,0,26,56,0,0,2421,4095,163,213
169318,right,0,0,0,0,0,0,0,0,0,9,48,0,0,2416,4095,159,214
169397,right,0,0,0,0,0,0,0,0,0,11,18,0,0,2416,4095,162,215
169476,right,0,0,0,0,0,0,0,0,0,14,40,0,0,2416,4095,156,210
169555,right,0,0,0,0,0,0,0,0,0,17,39,0,0,2415,4095,144,207
169634,right,0,0,0,0,0,0,0,0,0,21,50,0,0,2409,4095,122,199
169713,right,0,0,0,0,0,0,0,0,11,36,64,0,0,2406,4095,110,194
169792,right,0,0,0,0,0,0,0,0,15,34,73,0,0,2402,4095,80,192
169871,right,0,0,0,0,0,0,0,0,16,38,46,0,0,2399,4095,67,192
169950,right,0,0,0,0,0,0,0,0,17,28,35,0,0,2391,4095,65,188
170029,right,0,0,0,0,0,0,0,0,17,27,32,0,0,2401,4095,68,187
170108,right,0,0,0,0,0,0,0,0,16,25,30,0,0,2387,4095,67,190
170187,right,0,0,0,0,0,0,0,0,18,25,32,0,0,2391,4095,71,191
170266,right,0,0,0,0,0,0,0,0,20,29,33,0,0,2400,4095,80,189
170345,right,0,0,0,0,0,0,0,0,19,29,34,0,0,2389,4095,70,191
170424,right,0,0,0,0,0,0,0,3,21,32,44,0,0,2397,4095,66,185
170503,right,0,0,0,0,0,0,0,4,21,34,36,0,0,2383,4095,64,183
170582,right,0,0,0,0,0,0,0,7,23,27,24,0,0,2382,4095,64,183
170661,right,0,0,0,0,0,0,0,10,25,29,16,0,0,2387,4095,63,182
170740,right,0,0,0,0,0,0,0,7,23,23,16,0,0,2384,4095,64,185
170819,right,0,0,0,0,0,0,0,3,23,25,16,0,0,2384,4095,65,188
170898,right,0,0,0,0,0,0,0,6,20,27,16,0,0,2387,4095,66,185
170977,right,0,0,0,0,0,0,0,3,22,26,16,0,0,2384,4095,65,192
171056,right,0,0,0,0,0,0,0,4,27,22,16,0,0,2384,4095,67,189
171135,right,0,0,0,0,0,0,0,6,25,26,17,0,0,2383,4095,64,183
171214,right,0,0,0,0,0,0,0,7,29,28,29,0,0,2381,4095,64,186
171293,right,0,0,0,0,0,0,0,10,26,27,16,0,0,2330,4095,62,181
171372,right,0,0,0,0,0,0,0,11,26,29,23,0,0,2379,4095,62,178
171451,right,0,0,0,0,0,11,0,12,28,33,2743,45,0,2370,4095,61,177
171530,right,0,0,0,0,0,18,0,14,39,26,1097,0,0,2369,4095,59,176
171608,right,0,0,0,0,0,19,0,13,54,19,247,0,0,2370,4095,64,181
171687,right,0,0,0,0,0,21,0,12,51,15,100,0,0,2384,4095,63,183
171766,right,0,0,0,0,0,45,0,6,54,13,61,0,0,2368,4095,63,186
171845,right,0,0,0,0,0,16,0,7,55,12,48,0,0,2373,4095,69,190
171924,right,0,0,0,0,0,14,0,0,43,11,27,0,0,2375,4095,83,195
172003,right,0,0,0,0,0,0,0,0,27,9,16,0,0,2384,4095,107,195
172082,right,0,0,0,0,0,0,0,0,29,5,21,0,0,2369,4095,110,195
172161,right,0,0,0,0,0,0,0,0,30,9,17,0,0,2363,4095,67,192
172240,right,0,0,0,0,0,16,0,6,51,14,10,0,0,2362,4095,64,177
172319,right,0,0,0,0,0,29,0,12,64,16,22,0,0,2353,4095,53,176
172398,right,0,0,0,0,0,41,0,16,69,17,22,0,0,2341,4095,50,164
172477,right,0,0,0,0,0,47,4,16,81,17,22,0,0,2336,4095,48,155
172556,right,0,0,0,0,0,48,0,18,77,16,16,0,0,2326,4095,48,167
172635,right,0,0,0,0,0,48,0,17,74,16,15,0,0,2345,4095,55,173
172714,right,0,0,0,0,0,48,0,16,73,16,9,0,0,2351,4095,55,174
172793,right,0,0,0,0,0,48,0,16,71,17,16,0,0,2352,4095,58,176
172872,right,0,0,0,0,0,46,0,16,74,21,3627,48,0,2353,4095,57,176
172951,right,0,0,0,0,0,49,0,16,74,19,3683,48,0,2306,4095,55,173
173030,right,0,0,0,0,0,48,0,18,71,22,1675,4,0,2347,4095,51,173
173109,right,0,0,0,0,0,48,0,16,75,19,336,0,0,2348,4095,51,171
173188,right,0,0,0,0,0,48,0,21,75,17,159,0,0,2349,4095,54,169
173267,right,0,0,0,0,0,48,0,18,71,20,97,0,0,2351,4095,59,175
173346,right,0,0,0,0,0,38,0,16,64,21,48,0,0,2356,4095,58,176
173425,right,0,0,0,0,0,25,0,16,58,22,58,0,0,2360,4095,62,179
173504,right,0,0,0,0,0,19,0,16,50,25,55,0,0,2366,4095,64,180
173583,right,0,0,0,0,0,23,0,16,53,21,50,0,0,2361,4095,61,182
173662,right,0,0,0,0,0,46,0,16,61,7,58,0,0,2358,4095,63,182
173741,right,0,0,0,0,0,22,0,6,50,26,63,0,0,2368,4095,62,192
173820,right,0,0,0,0,0,32,0,16,51,28,33,0,0,2367,4095,64,182
173899,right,0,0,0,0,0,14,0,16,37,28,27,0,0,2370,4095,64,185
173978,right,0,0,0,0,0,16,0,16,32,26,27,0,0,2383,4095,67,186
174057,right,0,0,0,0,0,16,0,15,30,28,26,0,0,2374,4095,67,189
174136,right,0,0,0,0,0,7,0,14,32,26,23,0,0,2374,4095,68,189
174215,right,0,0,0,0,0,5,0,14,27,26,18,0,0,2379,4095,66,190
174294,right,0,0,0,0,0,0,0,11,25,27,16,0,0,2383,4095,93,195
174373,right,0,0,0,0,0,0,0,0,19,22,7,0,0,2382,4095,116,202
174452,right,0,0,0,0,0,0,0,0,19,21,11,0,0,2384,4095,128,205
174531,right,0,0,0,0,0,0,0,0,19,21,11,0,0,2385,4095,128,202
174610,right,0,0,0,0,0,0,0,0,29,16,13,0,0,2395,4095,128,205
174689,right,0,0,0,0,0,0,0,0,21,22,16,0,0,2385,4095,128,203
174768,right,0,0,0,0,0,0,0,0,23,22,21,0,0,2389,4095,129,205
174847,right,0,0,0,0,0,0,0,0,20,30,17,0,0,2391,4095,119,202
174926,right,0,0,0,0,0,0,0,3,23,30,23,0,0,2384,4095,115,199
175005,right,0,0,0,0,0,0,0,9,25,31,15,0,0,2383,4095,97,195
175084,right,0,0,0,0,0,6,0,11,29,34,16,0,0,2380,4095,93,192
175163,right,0,0,0,0,0,0,0,10,28,38,16,0,0,2383,4095,106,197
175242,right,0,0,0,0,0,0,0,9,26,34,7,0,0,2338,4095,114,199
175321,right,0,0,0,0,0,0,0,1,23,26,0,0,0,2384,4095,127,203
175400,right,0,0,0,0,0,0,0,0,9,19,0,0,0,2394,4095,144,208
175479,right,0,0,0,0,0,0,0,0,1,18,1,0,0,2391,4095,146,208
175557,right,0,0,0,0,0,0,0,0,1,16,2,0,0,2398,4095,153,209
175636,right,0,0,0,0,0,0,0,0,0,14,0,0,0,2414,4095,159,215
175715,right,0,0,0,0,0,0,0,0,0,16,0,0,0,2406,4095,166,217
175794,right,0,0,0,0,0,0,0,0,0,11,0,0,0,2407,4095,171,220
175873,right,0,0,0,0,0,0,0,0,0,5,0,0,0,2406,4095,176,224
175952,right,0,0,0,0,0,0,0,0,0,11,0,0,0,2414,4095,187,229
176031,right,0,0,0,0,0,0,0,0,0,5,0,0,0,2412,4095,192,233
176110,right,0,0,0,0,0,0,0,0,0,1,0,0,0,2413,4095,195,234
176189,right,0,0,0,0,0,0,0,0,0,5,0,0,0,2410,4095,197,238
176268,right,0,0,0,0,0,0,0,0,0,5,0,0,0,2414,4095,199,239
176347,right,0,0,0,0,0,0,0,0,0,5,0,0,0,2411,4095,196,236
176426,right,0,0,0,0,0,0,0,0,0,11,0,0,0,2414,4095,195,234
176505,right,0,0,0,0,0,0,0,0,0,12,0,0,0,2412,4095,192,230
176584,right,0,0,0,0,0,0,0,0,0,13,0,0,0,2414,4095,194,235
176663,right,0,0,0,0,0,0,0,0,0,15,0,0,0,2415,4095,192,232
176742,right,0,0,0,0,0,0,0,0,0,17,0,0,0,2414,4095,189,231
176821,right,0,0,0,0,0,0,0,0,0,21,0,0,0,2414,4095,183,230
176900,right,0,0,0,0,0,0,0,0,0,23,0,0,0,2363,4095,182,228
176979,right,0,0,0,0,0,0,0,0,0,21,0,0,0,2411,4095,185,230
177058,right,0,0,0,0,0,0,0,0,0,19,0,0,0,2405,4095,192,234
177137,right,0,0,0,0,0,0,0,0,0,22,0,0,0,2404,4095,190,229
177216,right,0,0,0,0,0,0,0,0,0,23,0,0,0,2410,4095,188,231
177295,right,0,0,0,0,0,0,0,0,0,21,0,0,0,2407,4095,182,228
177374,right,0,0,0,0,0,0,0,0,0,23,0,0,0,2405,4095,178,227
177453,right,0,0,0,0,0,0,0,0,0,23,0,0,0,2407,4095,176,224
177532,right,0,0,0,0,0,0,0,0,0,30,0,0,0,2384,4095,172,223
177611,right,0,0,0,0,0,0,0,0,0,37,0,0,0,2407,4095,171,222
177690,right,0,0,0,0,0,0,0,0,0,41,18,0,0,2411,4095,167,221
177769,right,0,0,0,0,0,0,0,0,0,44,3,0,0,2413,4095,167,217
177848,right,0,0,0,0,0,0,0,0,0,45,1,0,0,2416,4095,165,217
177927,right,0,0,0,0,0,0,0,0,0,45,1,0,0,2422,4095,165,218
178006,right,0,0,0,0,0,0,0,0,0,44,1,0,0,2407,4095,164,218
178085,right,0,0,0,0,0,0,0,0,0,46,6,0,0,2414,4095,171,219
178164,right,0,0,0,0,0,0,0,0,0,43,2,0,0,2406,4095,164,214
178243,right,0,0,0,0,0,0,0,0,0,45,2,0,0,2407,4095,170,218
178322,right,0,0,0,0,0,0,0,0,0,47,0,0,0,2396,4095,170,218
178401,right,0,0,0,0,0,0,0,0,0,46,4,0,0,2401,4095,161,213
178480,right,0,0,0,0,0,0,0,0,0,48,3,0,0,2402,4095,161,216
178559,right,0,0,0,0,0,0,0,0,0,48,9,0,0,2407,4095,159,215
178638,right,0,0,0,0,0,0,0,0,0,48,11,0,0,2407,4095,162,214
178717,right,0,0,0,0,0,0,0,0,0,48,3,0,0,2407,4095,160,215
178796,right,0,0,0,0,0,0,0,0,0,57,2,0,0,2406,4095,161,214
178875,right,0,0,0,0,0,0,0,0,0,48,0,0,0,2402,4095,165,217
178954,right,0,0,0,0,0,0,0,0,0,48,4,0,0,2406,4095,163,217
179033,right,0,0,0,0,0,0,0,0,0,48,1,0,0,2403,4095,165,218
179112,right,0,0,0,0,0,0,0,0,0,48,0,0,0,2403,4095,163,218
179191,right,0,0,0,0,0,0,0,0,0,48,3,0,0,2358,4095,160,215
179270,right,0,0,0,0,0,0,0,0,0,48,0,0,0,2401,4095,159,215
179349,right,0,0,0,0,0,0,0,0,0,48,0,0,0,2399,4095,158,215
179428,right,0,0,0,0,0,0,0,0,0,45,0,0,0,2397,4095,157,212
179506,right,0,0,0,0,0,0,0,0,0,45,0,0,0,2394,4095,158,213
179585,right,0,0,0,0,0,0,0,0,0,46,0,0,0,2406,4095,160,214
179664,right,0,0,0,0,0,0,0,0,0,45,0,0,0,2395,4095,160,215
179743,right,0,0,0,0,0,0,0,0,0,46,0,0,0,2390,4095,164,214
179822,right,0,0,0,0,0,0,0,0,0,46,0,0,0,2397,4095,163,212
179901,right,0,0,0,0,0,0,0,0,0,48,0,0,0,2390,4095,165,218
179980,right,0,0,0,0,0,0,0,0,0,43,0,0,0,2398,4095,167,218
180059,right,0,0,0,0,0,0,0,0,0,44,0,0,0,2396,4095,166,218
180138,right,0,0,0,0,0,0,0,0,0,37,0,0,0,2394,4095,166,218
180217,right,0,0,0,0,0,0,0,0,0,35,0,0,0,2398,4095,166,218
180296,right,0,0,0,0,0,0,0,0,0,32,0,0,0,2394,4095,171,219
180375,right,0,0,0,0,0,0,0,0,0,21,0,0,0,2393,4095,175,224
180454,right,0,0,0,0,0,0,0,0,0,13,0,0,0,2388,4095,182,226
180533,right,0,0,0,0,0,0,0,0,0,7,0,0,0,2384,4095,189,230
180612,right,0,0,0,0,0,0,0,0,0,6,0,0,0,2386,4095,192,230
180691,right,0,0,0,0,0,0,0,0,0,3,0,0,0,2390,4095,192,235
180770,right,0,0,0,0,0,0,0,0,0,3,0,0,0,2387,4095,197,234
180849,right,0,0,0,0,0,0,0,0,0,1,0,0,0,2393,4095,194,235
180928,right,0,0,0,0,0,0,0,0,0,6,0,0,0,2385,4095,193,235
181007,right,0,0,0,0,0,0,0,0,0,3,0,0,0,2384,4095,185,234
181086,right,0,0,0,0,0,0,0,0,0,5,0,0,0,2384,4095,181,229
181165,right,0,0,0,0,0,0,0,0,0,6,0,0,0,2379,4095,185,230
181244,right,0,0,0,0,0,0,0,0,0,2,0,0,0,2381,4095,182,230
181323,right,0,0,0,0,0,0,0,0,0,5,0,0,0,2378,4095,182,230
181402,right,0,0,0,0,0,0,0,0,0,7,0,0,0,2381,4095,181,227
181481,right,0,0,0,0,0,0,0,0,0,13,0,0,0,2378,4095,176,225
181560,right,0,0,0,0,0,0,0,0,0,16,0,0,0,2385,4095,174,223
181639,right,0,0,0,0,0,0,0,0,0,16,0,0,0,2383,4095,173,222
181718,right,0,0,0,0,0,0,0,0,0,22,0,0,0,2384,4095,170,219
181797,right,0,0,0,0,0,0,0,0,0,29,0,0,0,2386,4095,166,215
181876,right,0,0,0,0,0,0,0,0,0,30,0,0,0,2402,4095,165,217
181955,right,0,0,0,0,0,0,0,0,0,30,0,0,0,2391,4095,166,219
182034,right,0,0,0,0,0,0,0,0,0,32,0,0,0,2396,4095,166,219
182113,right,0,0,0,0,0,0,0,0,0,30,0,0,0,2402,4095,166,219
182192,right,0,0,0,0,0,0,0,0,0,32,0,0,0,2391,4095,169,221
182271,right,0,0,0,0,0,0,0,0,0,30,0,0,0,2389,4095,173,224
182350,right,0,0,0,0,0,0,0,0,0,32,0,0,0,2394,4095,174,221
182429,right,0,0,0,0,0,0,0,0,0,32,0,0,0,2390,4095,171,224
182508,right,0,0,0,0,0,0,0,0,0,32,0,0,0,2394,4095,174,223
182587,right,0,0,0,0,0,0,0,0,0,33,0,0,0,2386,4095,171,221
182666,right,0,0,0,0,0,0,0,0,0,32,0,0,0,2393,4095,165,223
182745,right,0,0,0,0,0,0,0,0,0,33,0,0,0,2391,4095,161,216
182824,right,0,0,0,0,0,0,0,0,0,36,0,0,0,2394,4095,164,215
182903,right,0,0,0,0,0,0,0,0,0,38,0,0,0,2394,4095,165,219
182982,right,0,0,0,0,0,0,0,0,0,38,0,0,0,2390,4095,165,218
183061,right,0,0,0,0,0,0,0,0,0,38,0,0,0,2391,4095,166,217
183140,right,0,0,0,0,0,0,0,0,0,36,0,0,0,2347,4095,168,222
183219,right,0,0,0,0,0,0,0,0,0,34,0,0,0,2387,4095,168,223
183298,right,0,0,0,0,0,0,0,0,0,32,0,0,0,2390,4095,170,221
183377,right,0,0,0,0,0,0,0,0,0,30,0,0,0,2391,4095,175,221
183456,right,0,0,0,0,0,0,0,0,0,22,0,0,0,2395,4095,175,224
183535,right,0,0,0,0,0,0,0,0,0,15,0,0,0,2390,4095,185,223
183614,right,0,0,0,0,0,0,0,0,0,16,0,0,0,2394,4095,178,228
183693,right,0,0,0,0,0,0,0,0,0,17,0,0,0,2389,4095,176,224
183772,right,0,0,0,0,0,0,0,0,0,17,0,0,0,2385,4095,174,225
183851,right,0,0,0,0,0,0,0,0,0,16,0,0,0,2387,4095,176,226
183930,right,0,0,0,0,0,0,0,0,0,16,0,0,0,2384,4095,176,226
184009,right,0,0,0,0,0,0,0,0,0,18,0,0,0,2385,4095,176,225
184088,right,0,0,0,0,0,0,0,0,0,19,0,0,0,2385,4095,176,225
184167,right,0,0,0,0,0,0,0,0,0,26,0,0,0,2397,4095,176,227
184246,right,0,0,0,0,0,0,0,0,0,22,0,0,0,2386,4095,176,224
184325,right,0,0,0,0,0,0,0,0,0,26,0,0,0,2393,4095,176,227
184404,right,0,0,0,0,0,0,0,0,0,25,0,0,0,2387,4095,171,222
184483,right,0,0,0,0,0,0,0,0,0,23,0,0,0,2385,4095,176,223
184562,right,0,0,0,0,0,0,0,0,0,23,0,0,0,2389,4095,174,225
184641,right,0,0,0,0,0,0,0,0,0,30,0,0,0,2393,4095,171,222
184720,right,0,0,0,0,0,0,0,0,0,30,0,0,0,2383,4095,164,219
184799,right,0,0,0,0,0,0,0,0,0,30,0,0,0,2386,4095,159,238
184878,right,0,0,0,0,0,0,0,0,0,33,0,0,0,2384,4095,163,219
184957,right,0,0,0,0,0,0,0,0,0,33,0,0,0,2384,4095,163,215
185036,right,0,0,0,0,0,0,0,0,0,33,0,0,0,2381,4095,157,219
185115,right,0,0,0,0,0,0,0,0,0,32,0,0,0,2386,4095,160,215
185194,right,0,0,0,0,0,0,0,0,0,32,0,0,0,2383,4095,160,214
185273,right,0,0,0,0,0,0,0,0,0,23,0,0,0,2377,4095,160,211
185352,right,0,0,0,0,0,0,0,0,0,37,0,0,0,2373,4095,161,217
185431,right,0,0,0,0,0,0,0,0,0,37,0,0,0,2334,4095,162,214
185510,right,0,0,0,0,0,0,0,0,0,39,0,0,0,2377,4095,162,215
185589,right,0,0,0,0,0,0,0,0,0,35,0,0,0,2373,4095,161,218
185668,right,0,0,0,0,0,0,0,0,0,42,0,0,0,2377,4095,165,215
185746,right,0,0,0,0,0,0,0,0,0,35,0,0,0,2375,4095,165,220
185825,right,0,0,0,0,0,0,0,0,0,35,0,0,0,2383,4095,163,219
185904,right,0,0,0,0,0,0,0,0,0,31,0,0,0,2369,4095,171,220
185983,right,0,0,0,0,0,0,0,0,0,33,0,0,0,2362,4095,166,218
186062,right,0,0,0,0,0,0,0,0,0,32,0,0,0,2364,4095,165,220
186141,right,0,0,0,0,0,0,0,0,0,30,0,0,0,2372,4095,171,219
186220,right,0,0,0,0,0,0,0,0,0,30,0,0,0,2374,4095,174,223
186299,right,0,0,0,0,0,0,0,0,0,26,0,0,0,2375,4095,171,222
186378,right,0,0,0,0,0,0,0,0,0,30,0,0,0,2367,4095,173,225
186457,right,0,0,0,0,0,0,0,0,0,25,0,0,0,2377,4095,176,225
186536,right,0,0,0,0,0,0,0,0,0,27,0,0,0,2379,4095,176,226
186615,right,0,0,0,0,0,0,0,0,0,31,0,0,0,2369,4095,174,225
186694,right,0,0,0,0,0,0,0,0,0,23,0,0,0,2372,4095,176,225
186773,right,0,0,0,0,0,0,0,0,0,26,0,0,0,2365,4095,176,224
186852,right,0,0,0,0,0,0,0,0,0,23,0,0,0,2365,4095,197,227
186931,right,0,0,0,0,0,0,0,0,0,29,0,0,0,2381,4095,177,225
187010,right,0,0,0,0,0,0,0,0,0,27,0,0,0,2378,4095,176,226
187089,right,0,0,0,0,0,0,0,0,0,29,0,0,0,2331,4095,176,226
187168,right,0,0,0,0,0,0,0,0,0,29,0,0,0,2371,4095,176,229
187247,right,0,0,0,0,0,0,0,0,0,30,0,0,0,2378,4095,176,219
187326,right,0,0,0,0,0,0,0,0,0,31,0,0,0,2373,4095,175,223
187405,right,0,0,0,0,0,0,0,0,0,35,0,0,0,2382,4095,176,224
187484,right,0,0,0,0,0,0,0,0,0,30,0,0,0,2378,4095,176,224
187563,right,0,0,0,0,0,0,0,0,0,32,0,0,0,2382,4095,174,221
187642,right,0,0,0,0,0,0,0,0,0,34,0,0,0,2374,4095,173,224
187721,right,0,0,0,0,0,0,0,0,0,34,0,0,0,2366,4095,166,222
187800,right,0,0,0,0,0,0,0,0,0,34,0,0,0,2384,4095,166,223
187879,right,0,0,0,0,0,0,0,0,0,29,2,0,0,2373,4095,171,219
187958,right,0,0,0,0,0,0,0,0,0,34,0,0,0,2374,4095,172,221
188037,right,0,0,0,0,0,0,0,0,0,32,0,0,0,2376,4095,167,218
188116,right,0,0,0,0,0,0,0,0,0,34,0,0,0,2381,4095,163,215
188195,right,0,0,0,0,0,0,0,0,0,39,0,0,0,2379,4095,164,213
188274,right,0,0,0,0,0,0,0,0,0,36,0,0,0,2382,4095,159,215
188353,right,0,0,0,0,0,0,0,0,0,42,0,0,0,2389,4095,162,212
188432,right,0,0,0,0,0,0,0,0,0,45,0,0,0,2384,4095,162,215
188511,right,0,0,0,0,0,0,0,0,0,40,0,0,0,2384,4095,162,215
188590,right,0,0,0,0,0,0,0,0,0,41,0,0,0,2384,4095,165,217
188669,right,0,0,0,0,0,0,0,0,0,43,0,0,0,2384,4095,160,214
188748,right,0,0,0,0,0,0,0,0,0,43,0,0,0,2390,4095,163,214
188827,right,0,0,0,0,0,0,0,0,0,44,0,0,0,2387,4095,161,218
188906,right,0,0,0,0,0,0,0,0,0,43,0,0,0,2388,4095,167,219
188985,right,0,0,0,0,0,0,0,0,0,44,0,0,0,2394,4095,166,212
189064,right,0,0,0,0,0,0,0,0,0,44,0,0,0,2391,4095,171,221
189143,right,0,0,0,0,0,0,0,0,0,42,0,0,0,2391,4095,175,225
189222,right,0,0,0,0,0,0,0,0,0,35,0,0,0,2401,4095,176,226
189301,right,0,0,0,0,0,0,0,0,0,42,0,0,0,2399,4095,179,224
189380,right,0,0,0,0,0,0,0,0,0,34,0,0,0,2352,4095,178,225
189459,right,0,0,0,0,0,0,0,0,0,37,0,0,0,2396,4095,178,227
189538,right,0,0,0,0,0,0,0,0,0,35,0,0,0,2399,4095,178,227
189617,right,0,0,0,0,0,0,0,0,0,38,0,0,0,2399,4095,178,224
189695,right,0,0,0,0,0,0,0,0,0,36,0,0,0,2400,4095,182,229
189774,right,0,0,0,0,0,0,0,0,0,34,0,0,0,2415,4095,178,229
189853,right,0,0,0,0,0,0,0,0,0,32,0,0,0,2396,4095,179,242
189932,right,0,0,0,0,0,0,0,0,0,21,0,0,0,2398,4095,183,231
190011,right,0,0,0,0,0,0,0,0,0,19,0,0,0,2393,4095,179,231
190090,right,0,0,0,0,0,0,0,0,0,19,0,0,0,2395,4095,185,229
190169,right,0,0,0,0,0,0,0,0,0,16,0,0,0,2389,4095,183,230
190248,right,0,0,0,0,0,0,0,0,0,21,0,0,0,2386,4095,181,224
190327,right,0,0,0,0,0,0,0,0,0,25,0,0,0,2390,4095,179,228
190406,right,0,0,0,0,0,0,0,0,0,26,0,0,0,2401,4095,181,232
190485,right,0,0,0,0,0,0,0,0,0,31,0,0,0,2402,4095,183,231
190564,right,0,0,0,0,0,0,0,0,0,34,0,0,0,2406,4095,174,230
190643,right,0,0,0,0,0,0,0,0,0,32,0,0,0,2398,4095,177,225
190722,right,0,0,0,0,0,0,0,0,0,36,0,0,0,2401,4095,176,227
190801,right,0,0,0,0,0,0,0,0,0,39,0,0,0,2403,4095,176,226
190880,right,0,0,0,0,0,0,0,0,0,46,0,0,0,2406,4095,176,229
190959,right,0,0,0,0,0,0,0,0,0,47,0,0,0,2409,4095,175,223
191038,right,0,0,0,0,0,0,0,0,0,48,0,0,0,2358,4095,176,221
191117,right,0,0,0,0,0,0,0,0,0,43,0,0,0,2410,4095,171,221
191196,right,0,0,0,0,0,0,0,0,0,48,0,0,0,2404,4095,166,218
191275,right,0,0,0,0,0,0,0,0,0,48,0,0,0,2403,4095,165,215
191354,right,0,0,0,0,0,0,0,0,0,48,0,0,0,2397,4095,162,214
191433,right,0,0,0,0,0,0,0,0,0,45,0,0,0,2395,4095,157,214
191512,right,0,0,0,0,0,0,0,0,0,48,0,0,0,2389,4095,155,210
191591,right,0,0,0,0,0,0,0,0,0,48,0,0,0,2393,4095,153,209
191670,right,0,0,0,0,0,0,0,0,0,48,0,0,0,2379,4095,148,208
191749,right,0,0,0,0,0,0,0,0,0,48,0,0,0,2391,4095,146,209
191828,right,0,0,0,0,0,0,0,0,0,48,3,0,0,2386,4095,149,208
191907,right,0,0,0,0,0,0,0,0,0,48,0,0,0,2389,4095,147,208
191986,right,0,0,0,0,0,0,0,0,0,49,0,0,0,2390,4095,149,210
192065,right,0,0,0,0,0,0,0,0,0,61,0,0,0,2403,4095,147,209
192144,right,0,0,0,0,0,0,0,0,0,47,0,0,0,2389,4095,153,211
192223,right,0,0,0,0,0,0,0,0,0,47,0,0,0,2391,4095,153,211
192302,right,0,0,0,0,0,0,0,0,0,41,0,0,0,2394,4095,155,213
192381,right,0,0,0,0,0,0,0,0,0,40,0,0,0,2385,4095,160,214
192460,right,0,0,0,0,0,0,0,0,0,39,0,0,0,2384,4095,159,214
192539,right,0,0,0,0,0,0,0,0,0,41,0,0,0,2384,4095,160,213
192618,right,0,0,0,0,0,0,0,0,0,43,0,0,0,2384,4095,158,211
192697,right,0,0,0,0,0,0,0,0,0,40,0,0,0,2389,4095,160,217
192776,right,0,0,0,0,0,0,0,0,0,46,0,0,0,2386,4095,166,218
192855,right,0,0,0,0,0,0,0,0,0,38,0,0,0,2389,4095,166,218
192934,right,0,0,0,0,0,0,0,0,0,39,0,0,0,2384,4095,165,215
193013,right,0,0,0,0,0,0,0,0,0,33,0,0,0,2386,4095,176,223
193092,right,0,0,0,0,0,0,0,0,0,37,0,0,0,2384,4095,175,225
193171,right,0,0,0,0,0,0,0,0,0,33,0,0,0,2385,4095,176,225
193250,right,0,0,0,0,0,0,0,0,0,34,0,0,0,2381,4095,181,229
193329,right,0,0,0,0,0,0,0,0,0,30,0,0,0,2341,4095,180,230
193408,right,0,0,0,0,0,0,0,0,0,26,0,0,0,2390,4095,189,235
193487,right,0,0,0,0,0,0,0,0,0,23,0,0,0,2394,4095,189,236
193566,right,0,0,0,0,0,0,0,0,0,21,0,0,0,2394,4095,189,231
193645,right,0,0,0,0,0,0,0,0,0,14,0,0,0,2384,4095,188,231
193724,right,0,0,0,0,0,0,0,0,0,11,0,0,0,2385,4095,189,231
193803,right,0,0,0,0,0,0,0,0,0,10,0,0,0,2373,4095,186,230
193882,right,0,0,0,0,0,0,0,0,0,5,0,0,0,2371,4095,186,230
193961,right,0,0,0,0,0,0,0,0,0,6,0,0,0,2367,4095,190,236
194040,right,0,0,0,0,0,0,0,0,0,6,0,0,0,2367,4095,177,226
194119,right,0,0,0,0,0,0,0,0,0,14,0,0,0,2358,4095,174,225
194198,right,0,0,0,0,0,0,0,0,0,22,0,0,0,2368,4095,172,215
194277,right,0,0,0,0,0,0,0,0,0,21,0,0,0,2369,4095,172,222
194356,right,0,0,0,0,0,0,0,0,0,18,0,0,0,2372,4095,165,222
194435,right,0,0,0,0,0,0,0,0,0,16,0,0,0,2365,4095,171,221
194514,right,0,0,0,0,0,0,0,0,0,16,0,0,0,2353,4095,167,221
194593,right,0,0,0,0,0,0,0,0,0,17,0,0,0,2361,4095,163,218
194672,right,0,0,0,0,0,0,0,0,0,23,0,0,0,2361,4095,165,222
194751,right,0,0,0,0,0,0,0,0,0,21,0,0,0,2355,4095,164,221
194830,right,0,0,0,0,0,0,0,0,0,22,0,0,0,2363,4095,162,220
194909,right,0,0,0,0,0,0,0,0,0,20,0,0,0,2355,4095,165,219
194988,right,0,0,0,0,0,0,0,0,0,23,0,0,0,2362,4095,162,215
195067,right,0,0,0,0,0,0,0,0,0,26,0,0,0,2352,4095,164,218
195146,right,0,0,0,0,0,0,0,0,0,25,0,0,0,2362,4095,165,217
195225,right,0,0,0,0,0,0,0,0,0,26,0,0,0,2367,4095,162,218
195304,right,0,0,0,0,0,0,0,0,0,27,0,0,0,2365,4095,167,220
195383,right,0,0,0,0,0,0,0,0,0,21,0,0,0,2361,4095,164,215
195462,right,0,0,0,0,0,0,0,0,0,27,0,0,0,2354,4095,164,218
195541,right,0,0,0,0,0,0,0,0,0,28,0,0,0,2359,4095,165,221
195620,right,0,0,0,0,0,0,0,0,0,28,0,0,0,2314,4095,167,221
195699,right,0,0,0,0,0,0,0,0,0,29,0,0,0,2357,4095,175,218
195778,right,0,0,0,0,0,0,0,0,0,21,0,0,0,2353,4095,170,222
195857,right,0,0,0,0,0,0,0,0,0,22,0,0,0,2359,4095,167,219
195935,right,0,0,0,0,0,0,0,0,0,19,0,0,0,2354,4095,167,221
196014,right,0,0,0,0,0,0,0,0,0,20,0,0,0,2366,4095,171,222
196093,right,0,0,0,0,0,0,0,0,0,19,0,0,0,2355,4095,173,220
196172,right,0,0,0,0,0,0,0,0,0,22,0,0,0,2355,4095,171,220
196251,right,0,0,0,0,0,0,0,0,0,21,0,0,0,2352,4095,169,220
196330,right,0,0,0,0,0,0,0,0,0,25,0,0,0,2359,4095,171,221
196409,right,0,0,0,0,0,0,0,0,0,23,0,0,0,2352,4095,172,224
196488,right,0,0,0,0,0,0,0,0,0,21,0,0,0,2361,4095,172,211
196567,right,0,0,0,0,0,0,0,0,0,22,0,0,0,2364,4095,173,221
196646,right,0,0,0,0,0,0,0,0,0,26,0,0,0,2362,4095,176,224
196725,right,0,0,0,0,0,0,0,0,0,21,0,0,0,2354,4095,175,223
196804,right,0,0,0,0,0,0,0,0,0,18,0,0,0,2361,4095,176,224
196883,right,0,0,0,0,0,0,0,0,0,16,0,0,0,2355,4095,173,221
196962,right,0,0,0,0,0,0,0,0,0,16,0,0,0,2354,4095,176,225
197041,right,0,0,0,0,0,0,0,0,0,16,0,0,0,2367,4095,176,226
197120,right,0,0,0,0,0,0,0,0,0,16,0,0,0,2355,4095,175,225
197199,right,0,0,0,0,0,0,0,0,0,17,0,0,0,2362,4095,176,229
197278,right,0,0,0,0,0,0,0,0,0,16,0,0,0,2300,4095,177,227
197357,right,0,0,0,0,0,0,0,0,0,16,0,0,0,2349,4095,176,229
197436,right,0,0,0,0,0,0,0,0,0,16,0,0,0,2346,4095,175,227
197515,right,0,0,0,0,0,0,0,0,0,18,0,0,0,2341,4095,175,221
197594,right,0,0,0,0,0,0,0,0,0,17,0,0,0,2343,4095,176,225
197673,right,0,0,0,0,0,0,0,0,0,22,0,0,0,2374,4095,173,221
197752,right,0,0,0,0,0,0,0,0,0,21,0,0,0,2363,4095,171,221
197831,right,0,0,0,0,0,0,0,0,0,21,0,0,0,2353,4095,171,222
197910,right,0,0,0,0,0,0,0,0,0,27,0,0,0,2351,4095,165,219
197989,right,0,0,0,0,0,0,0,0,0,27,0,0,0,2353,4095,167,220
198068,right,0,0,0,0,0,0,0,0,0,26,0,0,0,2356,4095,166,217
198147,right,0,0,0,0,0,0,0,0,0,28,0,0,0,2357,4095,169,218
198226,right,0,0,0,0,0,0,0,0,0,27,0,0,0,2362,4095,163,217
198305,right,0,0,0,0,0,0,0,0,0,30,0,0,0,2373,4095,164,217
198384,right,0,0,0,0,0,0,0,0,0,29,0,0,0,2358,4095,166,218
198463,right,0,0,0,0,0,0,0,0,0,28,0,0,0,2353,4095,162,221
198542,right,0,0,0,0,0,0,0,0,0,32,0,0,0,2352,4095,162,214
198621,right,0,0,0,0,0,0,0,0,0,29,0,0,0,2355,4095,163,214
198700,right,0,0,0,0,0,0,0,0,0,28,0,0,0,2357,4095,160,215
198779,right,0,0,0,0,0,0,0,0,0,29,0,0,0,2351,4095,160,215
198858,right,0,0,0,0,0,0,0,0,0,29,0,0,0,2347,4095,160,215
198937,right,0,0,0,0,0,0,0,0,0,29,0,0,0,2351,4095,162,216
199016,right,0,0,0,0,0,0,0,0,0,29,0,0,0,2347,4095,158,218
199095,right,0,0,0,0,0,0,0,0,0,30,0,0,0,2343,4095,162,216
199174,right,0,0,0,0,0,0,0,0,0,30,0,0,0,2342,4095,160,213
199253,right,0,0,0,0,0,0,0,0,0,27,0,0,0,2352,4095,164,216
199332,right,0,0,0,0,0,0,0,0,0,26,0,0,0,2350,4095,161,218
199411,right,0,0,0,0,0,0,0,0,0,30,0,0,0,2348,4095,163,221
199490,right,0,0,0,0,0,0,0,0,0,30,0,0,0,2348,4095,165,221
199569,right,0,0,0,0,0,0,0,0,0,23,0,0,0,2309,4095,162,218
199648,right,0,0,0,0,0,0,0,0,0,10,0,0,0,2346,4095,162,221
199727,right,0,0,0,0,0,0,0,0,0,17,0,0,0,2356,4095,161,219
199806,right,0,0,0,0,0,0,0,0,0,21,0,0,0,2347,4095,163,221
199884,right,0,0,0,0,0,0,0,0,0,23,0,0,0,2346,4095,165,220
199963,right,0,0,0,0,0,0,0,0,0,17,0,0,0,2352,4095,166,221
200042,right,0,0,0,0,0,0,0,0,0,17,0,0,0,2340,4095,162,219
200121,right,0,0,0,0,0,0,0,0,0,17,0,0,0,2340,4095,163,217
200200,right,0,0,0,0,0,0,0,0,0,17,0,0,0,2341,4095,162,214
200279,right,0,0,0,0,0,0,0,0,0,22,0,0,0,2337,4095,163,219
200358,right,0,0,0,0,0,0,0,0,0,17,0,0,0,2345,4095,144,222
200437,right,0,0,0,0,0,0,0,0,0,19,0,0,0,2351,4095,165,220
200516,right,0,0,0,0,0,0,0,0,0,16,0,0,0,2350,4095,163,219
200595,right,0,0,0,0,0,0,0,0,0,16,0,0,0,2353,4095,166,219
200674,right,0,0,0,0,0,0,0,0,0,19,0,0,0,2348,4095,167,222
200753,right,0,0,0,0,0,0,0,0,0,23,0,0,0,2353,4095,163,222
200832,right,0,0,0,0,0,0,0,0,0,25,0,0,0,2349,4095,163,218
200911,right,0,0,0,0,0,0,0,0,0,26,0,0,0,2359,4095,163,221
200990,right,0,0,0,0,0,0,0,0,0,27,0,0,0,2358,4095,169,218
201069,right,0,0,0,0,0,0,0,0,0,27,0,0,0,2354,4095,164,220
201148,right,0,0,0,0,0,0,0,0,0,29,0,0,0,2347,4095,167,218
201227,right,0,0,0,0,0,0,0,0,0,23,0,0,0,2303,4095,169,219
201306,right,0,0,0,0,0,0,0,0,0,26,0,0,0,2352,4095,166,219
201385,right,0,0,0,0,0,0,0,0,0,26,0,0,0,2339,4095,166,221
201464,right,0,0,0,0,0,0,0,0,0,19,0,0,0,2350,4095,168,217
201543,right,0,0,0,0,0,0,0,0,0,21,0,0,0,2349,4095,167,223
201622,right,0,0,0,0,0,0,0,0,0,18,0,0,0,2355,4095,169,219
201701,right,0,0,0,0,0,0,0,0,0,17,0,0,0,2351,4095,171,222
201780,right,0,0,0,0,0,0,0,0,0,17,0,0,0,2336,4095,171,221
201859,right,0,0,0,0,0,0,0,0,0,21,0,0,0,2319,4095,169,222
201938,right,0,0,0,0,0,0,0,0,0,19,0,0,0,2336,4095,171,218
202017,right,0,0,0,0,0,0,0,0,0,21,0,0,0,2343,4095,167,220
202096,right,0,0,0,0,0,0,0,0,0,22,0,0,0,2344,4095,173,221
202175,right,0,0,0,0,0,0,0,0,0,26,0,0,0,2346,4095,170,221
202254,right,0,0,0,0,0,0,0,0,0,26,0,0,0,2358,4095,167,222
202333,right,0,0,0,0,0,0,0,0,0,25,0,0,0,2347,4095,167,221
202412,right,0,0,0,0,0,0,0,0,0,27,0,0,0,2351,4095,170,221
202491,right,0,0,0,0,0,0,0,0,0,27,0,0,0,2347,4095,165,216
202570,right,0,0,0,0,0,0,0,0,0,25,0,0,0,2346,4095,170,220
202649,right,0,0,0,0,0,0,0,0,0,25,0,0,0,2343,4095,166,220
202728,right,0,0,0,0,0,0,0,0,0,25,0,0,0,2337,4095,167,218
202807,right,0,0,0,0,0,0,0,0,0,27,0,0,0,2339,4095,168,218
202886,right,0,0,0,0,0,0,0,0,0,17,0,0,0,2338,4095,163,218
202965,right,0,0,0,0,0,0,0,0,0,27,0,0,0,2335,4095,168,218
203044,right,0,0,0,0,0,0,0,0,0,0,0,0,0,2327,4095,161,219
203123,right,0,0,0,0,0,0,0,0,0,22,0,0,0,2336,4095,162,220
203202,right,0,0,0,0,0,0,0,0,0,22,0,0,0,2333,4095,166,221
203281,right,0,0,0,0,0,0,0,0,0,22,0,0,0,2335,4095,165,222
203360,right,0,0,0,0,0,0,0,0,0,27,0,0,0,2338,4095,170,203
203439,right,0,0,0,0,0,0,0,0,0,27,0,0,0,2333,4095,170,218
203518,right,0,0,0,0,0,0,0,0,0,26,0,0,0,2293,4095,171,223
203597,right,0,0,0,0,0,0,0,0,0,27,0,0,0,2351,4095,171,218
203676,right,0,0,0,0,0,0,0,0,0,29,0,0,0,2346,4095,171,217
203755,right,0,0,0,0,0,0,0,0,0,30,0,0,0,2339,4095,173,217
203833,right,0,0,0,0,0,0,0,0,0,28,0,0,0,2339,4095,171,221
203912,right,0,0,0,0,0,0,0,0,0,32,0,0,0,2352,4095,171,219
203991,right,0,0,0,0,0,0,0,0,0,27,0,0,0,2335,4095,172,221
204070,right,0,0,0,0,0,0,0,0,0,28,0,0,0,2333,4095,168,222
204149,right,0,0,0,0,0,0,0,0,0,28,0,0,0,2331,4095,164,218
204228,right,0,0,0,0,0,0,0,0,0,27,0,0,0,2345,4095,167,215
204307,right,0,0,0,0,0,0,0,0,0,27,0,0,0,2329,4095,170,220
204386,right,0,0,0,0,0,0,0,0,0,30,0,0,0,2337,4095,167,218
204465,right,0,0,0,0,0,0,0,0,0,28,0,0,0,2342,4095,164,222
204544,right,0,0,0,0,0,0,0,0,0,29,0,0,0,2342,4095,167,221
204623,right,0,0,0,0,0,0,0,0,0,29,0,0,0,2321,4095,177,220
204702,right,0,0,0,0,0,0,0,0,0,30,0,0,0,2320,4095,167,221
204781,right,0,0,0,0,0,0,0,0,0,29,0,0,0,2333,4095,165,218
204860,right,0,0,0,0,0,0,0,0,0,29,0,0,0,2334,4095,169,221
204939,right,0,0,0,0,0,0,0,0,0,25,0,0,0,2342,4095,171,219
205018,right,0,0,0,0,0,0,0,0,0,29,0,0,0,2343,4095,170,219
205097,right,0,0,0,0,0,0,0,0,0,29,0,0,0,2336,4095,166,219
205176,right,0,0,0,0,0,0,0,0,0,29,0,0,0,2343,4095,165,221
205255,right,0,0,0,0,0,0,0,0,0,27,0,0,0,2351,4095,167,220
205334,right,0,0,0,0,0,0,0,0,0,33,0,0,0,2350,4095,170,223
205413,right,0,0,0,0,0,0,0,0,0,30,0,0,0,2345,4095,165,215
205492,right,0,0,0,0,0,0,0,0,0,31,0,0,0,2334,4095,173,220
205571,right,0,0,0,0,0,0,0,0,0,31,0,0,0,2335,4095,166,220
205650,right,0,0,0,0,0,0,0,0,0,30,0,0,0,2335,4095,164,219
205729,right,0,0,0,0,0,0,0,0,0,28,0,0,0,2330,4095,166,217
205808,right,0,0,0,0,0,0,0,0,0,28,0,0,0,2325,4095,166,222
205887,right,0,0,0,0,0,0,0,0,0,32,0,0,0,2344,4095,164,217
205966,right,0,0,0,0,0,0,0,0,0,29,0,0,0,2346,4095,166,218
206045,right,0,0,0,0,0,0,0,0,0,30,0,0,0,2335,4095,167,219
206124,right,0,0,0,0,0,0,0,0,0,32,0,0,0,2341,4095,163,217
206203,right,0,0,0,0,0,0,0,0,0,30,0,0,0,2350,4095,163,222
206282,right,0,0,0,0,0,0,0,0,0,30,0,0,0,2343,4095,165,219
206361,right,0,0,0,0,0,0,0,0,0,29,0,0,0,2345,4095,176,220
206440,right,0,0,0,0,0,0,0,0,0,33,0,0,0,2345,4095,160,216
206519,right,0,0,0,0,0,0,0,0,0,32,0,0,0,2346,4095,161,219
206598,right,0,0,0,0,0,0,0,0,0,29,0,0,0,2343,4095,159,213
206677,right,0,0,0,0,0,0,0,0,0,31,0,0,0,2325,4095,159,215
206756,right,0,0,0,0,0,0,0,0,0,32,0,0,0,2342,4095,162,223
206835,right,0,0,0,0,0,0,0,0,0,32,0,0,0,2343,4095,160,214
206914,right,0,0,0,0,0,0,0,0,0,32,0,0,0,2342,4095,161,215
206993,right,0,0,0,0,0,0,0,0,0,31,0,0,0,2338,4095,165,216
207072,right,0,0,0,0,0,0,0,0,0,33,0,0,0,2332,4095,163,213
207151,right,0,0,0,0,0,0,0,0,0,42,0,0,0,2331,4095,177,217
207230,right,0,0,0,0,0,0,0,0,0,31,0,0,0,2335,4095,163,217
207309,right,0,0,0,0,0,0,0,0,0,30,0,0,0,2336,4095,166,217
207388,right,0,0,0,0,0,0,0,0,0,30,0,0,0,2341,4095,162,222
207467,right,0,0,0,0,0,0,0,0,0,32,0,0,0,2301,4095,165,220
207546,right,0,0,0,0,0,0,0,0,0,32,0,0,0,2337,4095,166,219
207625,right,0,0,0,0,0,0,0,0,0,33,0,0,0,2331,4095,168,214
207704,right,0,0,0,0,0,0,0,0,0,29,0,0,0,2338,4095,166,215
207783,right,0,0,0,0,0,0,0,0,0,27,0,0,0,2334,4095,167,219
207862,right,0,0,0,0,0,0,0,0,0,31,0,0,0,2345,4095,167,222
207941,right,0,0,0,0,0,0,0,0,0,30,0,0,0,2340,4095,172,219
208020,right,0,0,0,0,0,0,0,0,0,19,0,0,0,2343,4095,169,224
208099,right,0,0,0,0,0,0,0,0,0,17,0,0,0,2331,4095,170,222
208178,right,0,0,0,0,0,0,0,0,0,19,0,0,0,2337,4095,175,224
208257,right,0,0,0,0,0,0,0,0,0,23,0,0,0,2346,4095,176,224
208336,right,0,0,0,0,0,0,0,0,0,22,0,0,0,2351,4095,176,225
208415,right,0,0,0,0,0,0,0,0,0,24,0,0,0,2348,4095,176,225
208494,right,0,0,0,0,0,0,0,0,0,20,0,0,0,2350,4095,176,226
208573,right,0,0,0,0,0,0,0,0,0,16,0,0,0,2346,4095,176,219
208652,right,0,0,0,0,0,0,0,0,0,17,0,0,0,2326,4095,176,225
208731,right,0,0,0,0,0,0,0,0,0,20,0,0,0,2330,4095,171,222
208810,right,0,0,0,0,0,0,0,0,0,18,0,0,0,2334,4095,176,227
208889,right,0,0,0,0,0,0,0,0,0,13,0,0,0,2333,4095,176,226
208968,right,0,0,0,0,0,0,0,0,0,16,0,0,0,2321,4095,176,224
209047,right,0,0,0,0,0,0,0,0,0,14,0,0,0,2325,4095,176,226
209126,right,0,0,0,0,0,0,0,0,0,16,0,0,0,2340,4095,176,230
209205,right,0,0,0,0,0,0,0,0,0,14,0,0,0,2326,4095,176,226
209284,right,0,0,0,0,0,0,0,0,0,16,0,0,0,2335,4095,176,228
209363,right,0,0,0,0,0,0,0,0,0,17,0,0,0,2330,4095,174,224
209442,right,0,0,0,0,0,0,0,0,0,16,0,0,0,2323,4095,175,227
209521,right,0,0,0,0,0,0,0,0,0,12,0,0,0,2326,4095,176,226
209600,right,0,0,0,0,0,0,0,0,0,16,0,0,0,2334,4095,175,228
209679,right,0,0,0,0,0,0,0,0,0,17,0,0,0,2331,4095,175,229
209758,right,0,0,0,0,0,0,0,0,0,17,0,0,0,2283,4095,174,223
209837,right,0,0,0,0,0,0,0,0,0,17,0,0,0,2333,4095,175,223
209916,right,0,0,0,0,0,0,0,0,0,16,0,0,0,2323,4095,175,225
209995,right,0,0,0,0,0,0,0,0,0,17,0,0,0,2335,4095,174,222
210073,right,0,0,0,0,0,0,0,0,0,16,0,0,0,2335,4095,176,224
210152,right,0,0,0,0,0,0,0,0,0,16,0,0,0,2355,4095,175,222
210231,right,0,0,0,0,0,0,0,0,0,18,0,0,0,2345,4095,175,222
210310,right,0,0,0,0,0,0,0,0,0,18,0,0,0,2342,4095,175,223
210389,right,0,0,0,0,0,0,0,0,0,23,0,0,0,2352,4095,170,215
210468,right,0,0,0,0,0,0,0,0,0,19,0,0,0,2346,4095,170,223
210547,right,0,0,0,0,0,0,0,0,0,17,0,0,0,2347,4095,170,222
210626,right,0,0,0,0,0,0,0,0,0,22,0,0,0,2348,4095,171,219
210705,right,0,0,0,0,0,0,0,0,0,19,0,0,0,2341,4095,171,221
210784,right,0,0,0,0,0,0,0,0,0,24,0,0,0,2339,4095,167,220
210863,right,0,0,0,0,0,0,0,0,0,26,0,0,0,2342,4095,172,224
210942,right,0,0,0,0,0,0,0,0,0,22,0,0,0,2321,4095,173,219
211021,right,0,0,0,0,0,0,0,0,0,28,0,0,0,2347,4095,169,218
211100,right,0,0,0,0,0,0,0,0,0,30,0,0,0,2343,4095,171,223
211179,right,0,0,0,0,0,0,0,0,0,25,0,0,0,2351,4095,171,221
211258,right,0,0,0,0,0,0,0,0,0,30,0,0,0,2351,4095,175,222
211337,right,0,0,0,0,0,0,0,0,0,30,0,0,0,2341,4095,175,225
211416,right,0,0,0,0,0,0,0,0,0,28,0,0,0,2299,4095,176,222
211495,right,0,0,0,0,0,0,0,0,0,30,0,0,0,2345,4095,176,226
211574,right,0,0,0,0,0,0,0,0,0,29,0,0,0,2345,4095,174,224
211653,right,0,0,0,0,0,0,0,0,0,29,0,0,0,2351,4095,173,223
211732,right,0,0,0,0,0,0,0,0,0,27,0,0,0,2352,4095,173,225
211811,right,0,0,0,0,0,0,0,0,0,22,0,0,0,2349,4095,173,223
211890,right,0,0,0,0,0,0,0,0,0,23,0,0,0,2352,4095,175,225
211969,right,0,0,0,0,0,0,0,0,0,16,0,0,0,2342,4095,175,225
212048,right,0,0,0,0,0,0,0,0,0,21,0,0,0,2320,4095,170,225
212127,right,0,0,0,0,0,0,0,0,0,16,0,0,0,2336,4095,172,226
212206,right,0,0,0,0,0,0,0,0,0,16,0,0,0,2334,4095,175,225
212285,right,0,0,0,0,0,0,0,0,0,13,0,0,0,2336,4095,171,226
212364,right,0,0,0,0,0,0,0,0,0,16,0,0,0,2327,4095,176,225
212443,right,0,0,0,0,0,0,0,0,0,14,0,0,0,2342,4095,176,225
212522,right,0,0,0,0,0,0,0,0,0,16,0,0,0,2335,4095,174,226
212601,right,0,0,0,0,0,0,0,0,0,17,0,0,0,2335,4095,176,223
212680,right,0,0,0,0,0,0,0,0,0,17,0,0,0,2342,4095,174,225
212759,right,0,0,0,0,0,0,0,0,0,16,0,0,0,2332,4095,173,225
212838,right,0,0,0,0,0,0,0,0,0,18,0,0,0,2339,4095,178,228
212917,right,0,0,0,0,0,0,0,0,0,19,0,0,0,2337,4095,175,226
212996,right,0,0,0,0,0,0,0,0,0,17,0,0,0,2336,4095,176,227
213075,right,0,0,0,0,0,0,0,0,0,22,0,0,0,2336,4095,176,229
213154,right,0,0,0,0,0,0,0,0,0,16,0,0,0,2339,4095,176,225
213233,right,0,0,0,0,0,0,0,0,0,19,0,0,0,2339,4095,175,226
213312,right,0,0,0,0,0,0,0,0,0,20,0,0,0,2334,4095,173,223
213391,right,0,0,0,0,0,0,0,0,0,17,0,0,0,2338,4095,173,225
213470,right,0,0,0,0,0,0,0,0,0,16,0,0,0,2335,4095,172,224
213549,right,0,0,0,0,0,0,0,0,0,19,0,0,0,2336,4095,171,222
213628,right,0,0,0,0,0,0,0,0,0,19,0,0,0,2330,4095,172,224
213707,right,0,0,0,0,0,0,0,0,0,21,0,0,0,2289,4095,171,222
213786,right,0,0,0,0,0,0,0,0,0,20,0,0,0,2335,4095,173,223
213865,right,0,0,0,0,0,0,0,0,0,21,0,0,0,2334,4095,176,224
213944,right,0,0,0,0,0,0,0,0,0,18,0,0,0,2343,4095,173,223
214022,right,0,0,0,0,0,0,0,0,0,21,0,0,0,2343,4095,169,225
214101,right,0,0,0,0,0,0,0,0,0,18,0,0,0,2352,4095,176,225
214180,right,0,0,0,0,0,0,0,0,0,17,0,0,0,2338,4095,173,225
214259,right,0,0,0,0,0,0,0,0,0,20,0,0,0,2338,4095,173,224
214338,right,0,0,0,0,0,0,0,0,0,19,0,0,0,2341,4095,173,222
214417,right,0,0,0,0,0,0,0,0,0,21,0,0,0,2343,4095,173,226
214496,right,0,0,0,0,0,0,0,0,0,19,0,0,0,2335,4095,175,225
214575,right,0,0,0,0,0,0,0,0,0,16,0,0,0,2333,4095,173,226
214654,right,0,0,0,0,0,0,0,0,0,18,0,0,0,2335,4095,171,228
214733,right,0,0,0,0,0,0,0,0,0,21,0,0,0,2339,4095,161,230
214812,right,0,0,0,0,0,0,0,0,0,17,0,0,0,2327,4095,167,222
214891,right,0,0,0,0,0,0,0,0,0,17,0,0,0,2325,4095,173,221
214970,right,0,0,0,0,0,0,0,0,0,17,0,0,0,2327,4095,167,218
215049,right,0,0,0,0,0,0,0,0,0,19,0,0,0,2324,4095,172,221
215128,right,0,0,0,0,0,0,0,0,0,16,0,0,0,2331,4095,174,218
215207,right,0,0,0,0,0,0,0,0,0,21,0,0,0,2333,4095,174,220
215286,right,0,0,0,0,0,0,0,0,0,21,0,0,0,2326,4095,174,226
215365,right,0,0,0,0,0,0,0,0,0,21,0,0,0,2288,4095,170,224
215444,right,0,0,0,0,0,0,0,0,0,18,0,0,0,2326,4095,173,224
215523,right,0,0,0,0,0,0,0,0,0,23,0,0,0,2335,4095,173,221
215602,right,0,0,0,0,0,0,0,0,0,21,0,0,0,2338,4095,175,224
215681,right,0,0,0,0,0,0,0,0,0,22,0,0,0,2330,4095,171,223
215760,right,0,0,0,0,0,0,0,0,0,24,0,0,0,2334,4095,171,223
215839,right,0,0,0,0,0,0,0,0,0,21,0,0,0,2338,4095,174,225
215918,right,0,0,0,0,0,0,0,0,0,19,0,0,0,2337,4095,175,225
215997,right,0,0,0,0,0,0,0,0,0,18,0,0,0,2318,4095,163,224
216076,right,0,0,0,0,0,0,0,0,0,17,0,0,0,2334,4095,174,222
216155,right,0,0,0,0,0,0,0,0,0,16,0,0,0,2330,4095,159,222
216234,right,0,0,0,0,0,0,0,0,0,19,0,0,0,2331,4095,169,219
216313,right,0,0,0,0,0,0,0,0,0,19,0,0,0,2331,4095,170,222
216392,right,0,0,0,0,0,0,0,0,0,18,0,0,0,2345,4095,171,223
216471,right,0,0,0,0,0,0,0,0,0,21,0,0,0,2335,4095,174,229
216550,right,0,0,0,0,0,0,0,0,0,21,0,0,0,2333,4095,170,224
216629,right,0,0,0,0,0,0,0,0,0,22,0,0,0,2337,4095,171,224
216708,right,0,0,0,0,0,0,0,0,0,19,0,0,0,2331,4095,176,224
216787,right,0,0,0,0,0,0,0,0,0,18,0,0,0,2340,4095,176,225
216866,right,0,0,0,0,0,0,0,0,0,27,0,0,0,2341,4095,174,228
216945,right,0,0,0,0,0,0,0,0,0,23,0,0,0,2333,4095,175,223
217024,right,0,0,0,0,0,0,0,0,0,16,0,0,0,2336,4095,176,228
217103,right,0,0,0,0,0,0,0,0,0,22,0,0,0,2333,4095,176,224
217182,right,0,0,0,0,0,0,0,0,0,22,0,0,0,2335,4095,175,224
217261,right,0,0,0,0,0,0,0,0,0,26,0,0,0,2335,4095,174,225
217340,right,0,0,0,0,0,0,0,0,0,22,0,0,0,2335,4095,176,228
217419,right,0,0,0,0,0,0,0,0,0,32,0,0,0,2329,4095,176,226
217498,right,0,0,0,0,0,0,0,0,0,18,0,0,0,2328,4095,176,229
217577,right,0,0,0,0,0,0,0,0,0,18,0,0,0,2325,4095,176,226
217656,right,0,0,0,0,0,0,0,0,0,13,0,0,0,2281,4095,176,225
217735,right,0,0,0,0,0,0,0,0,0,15,0,0,0,2324,4095,176,230
217814,right,0,0,0,0,0,0,0,0,0,15,0,0,0,2325,4095,176,230
217893,right,0,0,0,0,0,0,0,0,0,14,0,0,0,2323,4095,179,227
217972,right,0,0,0,0,0,0,0,0,0,9,0,0,0,2327,4095,182,229
218051,right,0,0,0,0,0,0,0,0,0,9,0,0,0,2338,4095,182,233
218130,right,0,0,0,0,0,0,0,0,0,13,0,0,0,2335,4095,180,234
218209,right,0,0,0,0,0,0,0,0,0,16,0,0,0,2345,4095,181,230
218288,right,0,0,0,0,0,0,0,0,0,16,0,0,0,2335,4095,181,230
218367,right,0,0,0,0,0,0,0,0,0,18,0,0,0,2334,4095,183,235
218446,right,0,0,0,0,0,0,0,0,0,16,0,0,0,2322,4095,188,235
218525,right,0,0,0,0,0,0,0,0,0,16,0,0,0,2322,4095,189,235
218604,right,0,0,0,0,0,0,0,0,0,16,0,0,0,2333,4095,186,233
218683,right,0,0,0,0,0,0,0,0,0,14,0,0,0,2331,4095,183,234
218762,right,0,0,0,0,0,0,0,0,0,16,0,0,0,2330,4095,182,234
218841,right,0,0,0,0,0,0,0,0,0,13,0,0,0,2327,4095,182,230
218920,right,0,0,0,0,0,0,0,0,0,14,0,0,0,2328,4095,179,228
218999,right,0,0,0,0,0,0,0,0,0,16,0,0,0,2331,4095,183,235
219078,right,0,0,0,0,0,0,0,0,0,15,0,0,0,2329,4095,182,235
219157,right,0,0,0,0,0,0,0,0,0,11,0,0,0,2333,4095,183,233
219236,right,0,0,0,0,0,0,0,0,0,17,0,0,0,2329,4095,187,233
219315,right,0,0,0,0,0,0,0,0,0,16,0,0,0,2333,4095,187,234
219394,right,0,0,0,0,0,0,0,0,0,19,0,0,0,2335,4095,187,237
219473,right,0,0,0,0,0,0,0,0,0,19,0,0,0,2331,4095,189,222
219552,right,0,0,0,0,0,0,0,0,0,19,0,0,0,2337,4095,182,233
219631,right,0,0,0,0,0,0,0,0,0,18,0,0,0,2343,4095,185,235
219710,right,0,0,0,0,0,0,0,0,0,16,0,0,0,2330,4095,190,235
219789,right,0,0,0,0,0,0,0,0,0,19,0,0,0,2329,4095,187,236
219868,right,0,0,0,0,0,0,0,0,0,19,0,0,0,2323,4095,185,234
219947,right,0,0,0,0,0,0,0,0,0,16,0,0,0,2288,4095,182,235
220026,right,0,0,0,0,0,0,0,0,0,19,0,0,0,2343,4095,182,234
220105,right,0,0,0,0,0,0,0,0,0,22,0,0,0,2331,4095,178,234
220184,right,0,0,0,0,0,0,0,0,0,17,0,0,0,2320,4095,183,226
220262,right,0,0,0,0,0,0,0,0,0,17,0,0,0,2319,4095,184,229
220341,right,0,0,0,0,0,0,0,0,0,19,0,0,0,2347,4095,181,233
220420,right,0,0,0,0,0,0,0,0,0,18,0,0,0,2326,4095,184,233
220499,right,0,0,0,0,0,0,0,0,0,17,0,0,0,2335,4095,185,236
220578,right,0,0,0,0,0,0,0,0,0,19,0,0,0,2326,4095,181,230
220657,right,0,0,0,0,0,0,0,0,0,18,0,0,0,2325,4095,185,234
220736,right,0,0,0,0,0,0,0,0,0,21,0,0,0,2320,4095,181,231
220815,right,0,0,0,0,0,0,0,0,0,23,0,0,0,2319,4095,178,230
220894,right,0,0,0,0,0,0,0,0,0,16,0,0,0,2320,4095,180,231
220973,right,0,0,0,0,0,0,0,0,0,16,0,0,0,2319,4095,180,231
221052,right,0,0,0,0,0,0,0,0,0,20,0,0,0,2319,4095,178,229
221131,right,0,0,0,0,0,0,0,0,0,21,0,0,0,2320,4095,179,229
221210,right,0,0,0,0,0,0,0,0,0,20,0,0,0,2320,4095,176,227
221289,right,0,0,0,0,0,0,0,0,0,18,0,0,0,2319,4095,178,229
221368,right,0,0,0,0,0,0,0,0,0,16,0,0,0,2320,4095,177,229
221447,right,0,0,0,0,0,0,0,0,0,21,0,0,0,2319,4095,179,234
221526,right,0,0,0,0,0,0,0,0,0,17,0,0,0,2310,4095,181,231
221605,right,0,0,0,0,0,0,0,0,0,19,0,0,0,2269,4095,173,225
221684,right,0,0,0,0,0,0,0,0,0,15,0,0,0,2309,4095,182,229
221763,right,0,0,0,0,0,0,0,0,0,16,0,0,0,2306,4095,181,234
221842,right,0,0,0,0,0,0,0,0,0,16,0,0,0,2319,4095,185,229
221921,right,0,0,0,0,0,0,0,0,0,14,0,0,0,2312,4095,181,235
222000,right,0,0,0,0,0,0,0,0,0,16,0,0,0,2320,4095,187,235
222079,right,0,0,0,0,0,0,0,0,0,2,0,0,0,2325,4095,188,235
222158,right,0,0,0,0,0,0,0,0,0,16,0,0,0,2314,4095,192,233
222237,right,0,0,0,0,0,0,0,0,0,16,0,0,0,2302,4095,190,235
222316,right,0,0,0,0,0,0,0,0,0,16,0,0,0,2321,4095,191,234
222395,right,0,0,0,0,0,0,0,0,0,16,0,0,0,2320,4095,189,235
222474,right,0,0,0,0,0,0,0,0,0,16,0,0,0,2323,4095,189,230
222553,right,0,0,0,0,0,0,0,0,0,16,0,0,0,2321,4095,192,236
222632,right,0,0,0,0,0,0,0,0,0,17,0,0,0,2336,4095,193,236
222711,right,0,0,0,0,0,0,0,0,0,20,0,0,0,2321,4095,192,237
222790,right,0,0,0,0,0,0,0,0,0,16,0,0,0,2322,4095,192,235
222869,right,0,0,0,0,0,0,0,0,0,20,0,0,0,2320,4095,191,233
222948,right,0,0,0,0,0,0,0,0,0,20,0,0,0,2329,4095,192,235
223027,right,0,0,0,0,0,0,0,0,0,19,0,0,0,2320,4095,194,233
223106,right,0,0,0,0,0,0,0,0,0,19,0,0,0,2338,4095,193,235
223185,right,0,0,0,0,0,0,0,0,0,16,0,0,0,2339,4095,193,241
223264,right,0,0,0,0,0,0,0,0,0,12,0,0,0,2325,4095,193,236
223343,right,0,0,0,0,0,0,0,0,0,16,0,0,0,2338,4095,192,235
223422,right,0,0,0,0,0,0,0,0,0,16,0,0,0,2336,4095,186,239
223501,right,0,0,0,0,0,0,0,0,0,16,0,0,0,2351,4095,187,234
223580,right,0,0,0,0,0,0,0,0,0,16,0,0,0,2346,4095,192,235
223659,right,0,0,0,0,0,0,0,0,0,16,0,0,0,2338,4095,190,238
223738,right,0,0,0,0,0,0,0,0,0,17,0,0,0,2335,4095,192,235
223817,right,0,0,0,0,0,0,0,0,0,19,0,0,0,2337,4095,194,238
223896,right,0,0,0,0,0,0,0,0,0,19,0,0,0,2293,4095,197,238
223975,right,0,0,0,0,0,0,0,0,0,23,0,0,0,2349,4095,193,239
224054,right,0,0,0,0,0,0,0,0,0,18,0,0,0,2352,4095,200,239
224133,right,0,0,0,0,0,0,0,0,0,22,0,0,0,2348,4095,197,237
224211,right,0,0,0,0,0,0,0,0,0,22,0,0,0,2351,4095,198,240
224290,right,0,0,0,0,0,0,0,0,0,25,0,0,0,2359,4095,197,240
224369,right,0,0,0,0,0,0,0,0,0,21,0,0,0,2361,4095,203,240
224448,right,0,0,0,0,0,0,0,0,0,22,0,0,0,2352,4095,200,240
224527,right,0,0,0,0,0,0,0,0,0,23,0,0,0,2338,4095,193,240
224606,right,0,0,0,0,0,0,0,0,0,23,0,0,0,2345,4095,195,235
224685,right,0,0,0,0,0,0,0,0,0,18,0,0,0,2339,4095,193,237
224764,right,0,0,0,0,0,0,0,0,0,18,0,0,0,2336,4095,191,237
224843,right,0,0,0,0,0,0,0,0,0,19,0,0,0,2335,4095,189,231
224922,right,0,0,0,0,0,0,0,0,0,17,0,0,0,2340,4095,186,233
225001,right,0,0,0,0,0,0,0,0,0,20,0,0,0,2338,4095,182,233
225080,right,0,0,0,0,0,0,0,0,0,19,0,0,0,2321,4095,181,230
225159,right,0,0,0,0,0,0,0,0,0,22,0,0,0,2325,4095,178,225
225238,right,0,0,0,0,0,0,0,0,0,23,0,0,0,2322,4095,178,229
225317,right,0,0,0,0,0,0,0,0,0,23,0,0,0,2331,4095,177,230
225396,right,0,0,0,0,0,0,0,0,0,31,0,0,0,2329,4095,176,226
225475,right,0,0,0,0,0,0,0,0,0,31,0,0,0,2327,4095,180,230
225554,right,0,0,0,0,0,0,0,0,0,28,0,0,0,2287,4095,176,228
225633,right,0,0,0,0,0,0,0,0,0,30,0,0,0,2325,4095,178,229
225712,right,0,0,0,0,0,0,0,0,0,34,0,0,0,2327,4095,178,230
225791,right,0,0,0,0,0,0,0,0,0,30,0,0,0,2338,4095,176,230
225870,right,0,0,0,0,0,0,0,0,0,35,0,0,0,2334,4095,176,227
225949,right,0,0,0,0,0,0,0,0,0,32,0,0,0,2338,4095,174,225
226028,right,0,0,0,0,0,0,0,0,0,37,0,0,0,2340,4095,176,222
226107,right,0,0,0,0,0,0,0,0,0,34,0,0,0,2339,4095,175,222
226186,right,0,0,0,0,0,0,0,0,0,35,0,0,0,2320,4095,166,225
226265,right,0,0,0,0,0,0,0,0,0,39,0,0,0,2334,4095,171,222
226344,right,0,0,0,0,0,0,0,0,0,38,0,0,0,2346,4095,171,224